43016,Subsidized,- 5215 Avery Oak Dr,HOME
43040,Subsidized,- 1050 Watkins Glen Ct,HOME
43040,Subsidized,- 504 Milford Ave,HOME
43040,Subsidized,- 506 Milford Ave,HOME
43044,Subsidized,MECHANICSBURG VILLAGE - 41 Walnut St,S8PB
43044,Subsidized,PLEASANTVIEW APARTMENTS - 300 Pleasantview Est,RHS
43044,Subsidized,PLEASANTVIEW ESTATES - 304 Pleasantview Est,LIHTC
43050,Subsidized,- 212 E Hamtramck St,HOME
43060,Subsidized,CHERRY ARBORS - 125 Cherry St,S8PB
43060,Subsidized,ARBOURWAY APARTMENTS* - 265 W Elm St,RHS
43072,Subsidized,WALNUT HILL Apartments - 428 E Walnut St,RHS
43078,Subsidized,GWYNNE VILLAGE* - 719 Mosgrove St,S8PB
43078,Subsidized,URBANA VILLAGE* - 1060 S High St,S8PB
43078,Subsidized,Messiah Community - 848 E Court St,S8PB
43078,Subsidized,ROTARY MANOR* - 125 E Ward St,S8PB
43078,Subsidized,CCRIS APARTMENTS - 405 Jefferson Ave,LIHTC
43078,Subsidized,EDGEWOOD HILL APARTMENTS - 811 Gwynne St,LIHTC
43078,Subsidized,SOUTH URBANA RETIREMENT - 339 Lewis B Moore Dr,LIHTC
43078,Subsidized,Settlers Ridge Apartments - 941 W State Route 29,LIHTC
43078,Subsidized,STONEY RIDGE - Edgewood & Mosgrove,LIHTC
43078,Subsidized,HATTIE GREENE Apartments* - 414 N Rohrer St,RHS
43078,Subsidized,- 1040 S Main St,HOME
43078,Subsidized,- 122 Miami St,HOME
43078,Subsidized,- 225 N Main St,HOME
43078,Subsidized,- 227 N Main St,HOME
43078,Subsidized,- 301 Poe Ave,HOME
43078,Subsidized,- 318 W Light St,HOME
43078,Subsidized,- 348 Poe Ave,HOME
43078,Subsidized,- 596 Washington Ave,HOME
43080,Subsidized,- 505 Crestview Dr,HOME
43080,Subsidized,- 509 Crestview Dr,HOME
43080,Subsidized,- 73 Whiting Way,HOME
43085,Subsidized,FIX ALL MAINTENANCE INC - 59 Highland Ave,HOME
43103,Subsidized,- 221 Miller Ave,HOME
43110,Subsidized,- 3993 Spicebush Ln,HOME
43110,Subsidized,- 5313 Duskywing Dr,HOME
43128,Subsidized,- 437 Woodsview Sq,HOME
43138,Subsidized,Pine Ridge Apartments - 33541 Pine Ridge Dr,PUBLIC
43160,Subsidized,- 1103 Golfview Dr,HOME
43160,Subsidized,- 1120 S Fayette St,HOME
43160,Subsidized,LOFTS AT COURT AND MAIN - 113 S Main St,LIHTC
43160,Subsidized,WASHINGTON SCHOOL - 318 N North St,LIHTC
43201,Subsidized,- 1147 Cleveland Ave,HOME
43201,Subsidized,- 1230 N 6th St,HOME
43203,Subsidized,- 304 Saint Clair Ave,HOME
43203,Subsidized,- 733 Mount Vernon Ave,HOME
43204,Subsidized,- 630 Kingsford Rd,HOME
43204,Subsidized,- 640 Kingsford Rd,HOME
43204,Subsidized,- 648 Kingsford Rd,HOME
43204,Subsidized,- 656 Kingsford Rd,HOME
43204,Subsidized,- 662 Kingsford Rd,HOME
43204,Subsidized,- 670 Kingsford Rd,HOME
43204,Subsidized,HOMES ON THE HILL - 77 N Wheatland Ave,HOME
43205,Subsidized,- 1116 Cole St,HOME
43205,Subsidized,- 1392 E Rich St,HOME
43205,Subsidized,- 1444 Oak St,HOME
43205,Subsidized,- 1450 Oak St,HOME
43205,Subsidized,- 1463 Oak St,HOME
43205,Subsidized,- 326 Kendall Pl,HOME
43205,Subsidized,- 387 Linwood Ave,HOME
43205,Subsidized,- 390 S 22nd St,HOME
43206,Subsidized,- 10 E Mithoff St,HOME
43206,Subsidized,- 12 E Mithoff St,HOME
43206,Subsidized,COMMUNITY DEVELOPMENT FOR ALL PEOPL - 766 Siebert St,HOME
43206,Subsidized,COMMUNITY DEVELOPMENT FOR ALL PEOPL - 862 E Whittier St,HOME
43206,Subsidized,COMMUNITY DEVELOPMENT FOR ALL PEOPL - 943 Wilson Ave,HOME
43207,Subsidized,- 4111 Southpoint Blvd,HOME
43207,Subsidized,SOUTHERN GATEWAY HOMES - 291 E Innis Ave,LIHTC
43209,Subsidized,2326 BERWICK BLVD - 2326 Berwick Blvd,LIHTC
43211,Subsidized,- 1079 E 21st Ave,HOME
43211,Subsidized,- 1083 E 20th Ave,HOME
43211,Subsidized,- 1234 E Weber Rd,HOME
43211,Subsidized,- 1302 E 22nd Ave,HOME
43211,Subsidized,- 1366 E 18th Ave,HOME
43213,Subsidized,EASTWAY VILLAGE - 4251 E Broad St,S8PB
43213,Subsidized,- 1181 Noe Bixby Rd,HOME
43213,Subsidized,- 3481 Fair Ave,HOME
43213,Subsidized,EASTWAY VILLAGE - 4237 E Broad St,LIHTC
43214,Subsidized,- 142 Broadmeadows Blvd,HOME
43215,Subsidized,- 327 E Long St,HOME
43219,Subsidized,- 2399 Mock Rd,HOME
43222,Subsidized,- 780 W Rich St,HOME
43222,Subsidized,- 97 Wisconsin Ave,HOME
43223,Subsidized,- Harrisburg Pike,HOME
43227,Subsidized,- 3347 E Livingston Ave,HOME
43228,Subsidized,- 3600 Sullivant Ave,HOME
43228,Subsidized,- 3700 Sullivant Ave,HOME
43228,Subsidized,- Wilson Rd,HOME
43228,Subsidized,INGLEWOOD COURT - 3720 Sullivant Ave,LIHTC
43230,Subsidized,- 4373 Ruston Ave,HOME
43232,Subsidized,- 2962 Elim Estates Dr,HOME
43232,Subsidized,- Chantry Dr,HOME
43302,Subsidized,- 196 W Center St,HOME
43302,Subsidized,- 395 Cherry St,HOME
43311,Subsidized,BELLEFONTAINE MANOR - 160 Lakewood Dr,S8PB
43311,Subsidized,Heritage Court Phase I AND II - 1000 Heritage Ct,S8PB
43311,Subsidized,Luther Community - 1108 S Greenwood St,S8PB
43311,Subsidized,SHAWNEE SPRINGS - 400 Kristina Dr,S8PB
43311,Subsidized,THOMPSON APARTMENTS - 320 N Elm St,LIHTC
43311,Subsidized,BELLEFONTAINE GREEN - 700 Township Road 179,LIHTC
43311,Subsidized,Brookstone Apartments - 500 Gunntown Rd,FHA
43311,Subsidized,UNNAMED - 104 S Springhill St,PUBLIC
43311,Subsidized,DEERCREEK - Wright St & Whitney Ln,LIHTC
43311,Subsidized,Notestine Manor - Wright St,S8PB
43311,Subsidized,- 1180 Erie St,HOME
43316,Subsidized,HICKORY TREE ESTATES - 531 S Patterson St,LIHTC
43316,Subsidized,MEADOW GLEN APT* - 2611 County Highway 96,RHS
43316,Subsidized,WESTOWN MANOR - Sheepshed Rd,LIHTC
43326,Subsidized,HARDINCREST - 900 E Columbus St,S8PB
43326,Subsidized,HERITAGE MANOR* - 398 E Forest Rd,S8PB
43326,Subsidized,KENTON VILLAGE* - 655 East St,S8PB
43326,Subsidized,SETON KENTON - 699 Morningside Dr,S8PB
43326,Subsidized,KENTON MEADOWS - 995 Meadow Ln,RHS
43326,Subsidized,MORNINGSIDE VILLA - 985 Meadow Ln,RHS
43326,Subsidized,SPRINGBROOK Apartments - 980 Meadow Ln,RHS
43326,Subsidized,SCIOTO VILLAGE II* - 1037 S Main St,RHS
43326,Subsidized,Eagles Point Apartments - 815 Morningside Dr,LIHTC
43326,Subsidized,Seton Kenton - 101 Morningside Dr,LIHTC
43326,Subsidized,KENTON STATION - 1002 E Columbus St,LIHTC
43326,Subsidized,- 211 E Ohio St,HOME
43326,Subsidized,- 214 N Leighton St,HOME
43326,Subsidized,- 310 E North St,HOME
43326,Subsidized,- 505 N Ida St,HOME
43326,Subsidized,- 614 N Wayne St,HOME
43326,Subsidized,- 890 W Carey St,HOME
43326,Subsidized,- E Columbus St,HOME
43348,Subsidized,Indian Lake Villa. - 601 Lincoln Blvd,S8PB
43348,Subsidized,POINT VILLAGE* - 400 Lincoln Blvd,S8PB
43348,Subsidized,- 266 Mansfield Ave,HOME
43351,Subsidized,RIDDLEHAVEN - 900 Eulalia Ave,S8PB
43351,Subsidized,INDIAN RUN APARTMENTS - 1045 Halbedel Dr,RHS
43351,Subsidized,MAPLEWOOD VILLAGE* - 600 Highland Pkwy,RHS
43351,Subsidized,Essex Place - 135 Essex Way,LIHTC
43351,Subsidized,NANTUCKET GREENE - 200 Nantucket Dr,RHS
43351,Subsidized,HHWP CAC - N - B - 97 - 568 - 1 - 171 Broadview St,HOME
43351,Subsidized,Nantucket Green* - 1875 E Wyandot Ave,LIHTC
43351,Subsidized,UPPER SANDUSKY SENIOR APARTMENTS - 112 Westbrook Blvd,LIHTC
43351,Subsidized,Highland Village II* - 200 Richardson Dr,LIHTC
43351,Subsidized,ESSEX PLACE - 131 Essex Way,RHS
43357,Subsidized,LIBERTY SQUARE - 103 South St,S8PB
43357,Subsidized,GREEN HILLS II* - 6555 Us 68 S,RHS
43402,Subsidized,CEDAR PARK - 1002 3rd St,S8PB
43402,Subsidized,AMHERST VILLAGE - 1520 Clough St,S8PB
43402,Subsidized,Wood County Village II - 311 Parkview Dr,S8PB
43402,Subsidized,FAIRVIEW MANOR* - 1020 N Grove St,S8PB
43402,Subsidized,Wood Lane Elder Haus I* - 1088 Fairview Ave,S8PB
43402,Subsidized,Wood Lane Apartments* - 1088 Fairview Ave,S8PB
43402,Subsidized,Wood Lane Elder Haus II - 1084 Fairview Ave,S8PB
43402,Subsidized,WOOD COUNTY VILLAGE - 804 Thurstin St,S8PB
43402,Subsidized,BOWLING GREEN MANOR - 1070 Fairview Ave,LIHTC
43402,Subsidized,ARBORS AT BOWLING GREEN - 360 Colony Ln,LIHTC
43402,Subsidized,The Residence Connection - 1015 Klotz Rd,S8PB
43402,Subsidized,Bowling Green Senior Community - 1009 Chauncey Ln,LIHTC
43402,Subsidized,- 1005 Chauncey Ln,HOME
43410,Subsidized,NORRIS APARTMENTS - 211 Norris Dr,LIHTC
43410,Subsidized,CLYDE MANOR APARTMENTS - 150 Hickory St,LIHTC
43410,Subsidized,CLYDE MANOR - 100 Rawlins Way,LIHTC
43410,Subsidized,"W.S.O.S. CAC , INC. - N - B - 01 - 528 - 1* - 900 N Woodland Ave",LIHTC
43410,Subsidized,SOMERTON APARTMENTS - 236 Hickory St,RHS
43410,Subsidized,LAUREL GREENE - 890 N Woodland Ave,PUBLIC
43410,Subsidized,- N Woodland Ave,HOME
43416,Subsidized,ELMORE RETIREMENT VILLAGE - 633 State St,RHS
43420,Subsidized,JANEL TERRACE - 315 Bidwell Ave,S8PB
43420,Subsidized,LITTLE BARK VIEW* - 919 Quail Dr,S8PB
43420,Subsidized,CASA NUEVA* - 1606 Dickinson St,S8PB
43420,Subsidized,LITTLE BARK MANOR* - 920 Quail Dr,S8PB
43420,Subsidized,DELAWARE ACRES - 707 S Buchanan St,S8PB
43420,Subsidized,FORT STEPHENSON HOUSE - 600 W State St,S8PB
43420,Subsidized,FREEMONT VOA ELDERLY HOUSING - 600 N Brush St,S8PB
43420,Subsidized,EAGLE MANOR - 935 Quail Dr,LIHTC
43420,Subsidized,FREMONT MANOR APARTMENTS - 1335 Mosser Dr,LIHTC
43420,Subsidized,"HOMES - CASAS , INC. - N - B - 97 - 551 - 1 - 219 S Front St",HOME
43420,Subsidized,DAY WOODS - 1350 Mosser Dr,PUBLIC
43420,Subsidized,Leewood Place - 30 Webster St,LIHTC
43420,Subsidized,LEEWOOD PLACE - Brush St,RHS
43420,Subsidized,- 114 S Jefferson St,HOME
43430,Subsidized,- 917 Main St,HOME
43431,Subsidized,Luther Meadow - 100 Meadow Ln,S8PB
43431,Subsidized,QUARRY VILLAGE II* - 739 S Main St,RHS
43440,Subsidized,MARBLEHEAD COMMONS - 261 S Bridge Rd,LIHTC
43440,Subsidized,- 414 N Lake Pine Dr,HOME
43449,Subsidized,Mercy Outreach Ministries III - 9129 W State Route 163,S8PB
43449,Subsidized,Lutheran Housing # 12 - 234 Finke Rd,S8PB
43449,Subsidized,Covenant Harbor II - Finke Rd,S8PB
43452,Subsidized,BAY MEADOWS APARTMENTS - 1195 W Fremont Rd,S8PB
43452,Subsidized,LAKEVIEW ESTATES - 205 Buckeye Blvd,S8PB
43452,Subsidized,Rose Acre Manor - 400 W 3rd St,S8PB
43452,Subsidized,PORT CLINTON SENIOR APARTMENTS* - 500 NW Catawba Rd,LIHTC
43452,Subsidized,- 1265 W Fremont Rd,HOME
43452,Subsidized,Port Clinton Pointe - 1267 W Fremont Rd,LIHTC
43452,Subsidized,PORT CLINTON POINTE - West Fremont Rd,PUBLIC
43460,Subsidized,CHARLES CREST - 1202 Schreier Rd,S8PB
43465,Subsidized,LAKE TOWNE SENIOR VILLAGE - 4975 Lake Towne Dr,HOME
43469,Subsidized,TANGLEWOOD LANDINGS APARTMENTS* - 105 Brookside Dr,RHS
43502,Subsidized,FULLFILLING HOUSING INC - 208 Sylvanus St,S8PB
43502,Subsidized,EAST GARDEN APARTMENTS - 100 E Lutz Rd,LIHTC
43502,Subsidized,FAIRLAWN Apartments - 415 E Lutz Rd,RHS
43506,Subsidized,BRYAN SENIOR VILLAGE APARTMENTS - 1200 Rays Dr,LIHTC
43506,Subsidized,MEADOWS CREEK APARTMENTS* - 1700 E High St,FHA
43506,Subsidized,BRYAN COMMUNITY APARTMENTS* - 936 E Wilson St,RHS
43506,Subsidized,BRYAN SENIOR HOUSING - East Wilson St,PUBLIC
43506,Subsidized,Bryan Senior Housing - 1915 E Wilson St,LIHTC
43506,Subsidized,- 1102 S Beech St,HOME
43506,Subsidized,- 304 E Butler St,HOME
43506,Subsidized,- 320 N Beech St,HOME
43506,Subsidized,- 320 S Allen St,HOME
43506,Subsidized,- 427 E Butler St,HOME
43506,Subsidized,- 603 S Lynn St,HOME
43506,Subsidized,- 606 S Lynn St,HOME
43506,Subsidized,- 810 W High St,HOME
43512,Subsidized,DEFIANCE SENIOR CITIZENS HOUSING* - 1602 E 2nd St,S8PB
43512,Subsidized,CLINTON CIRCLE - 700 Kiser Rd,S8PB
43512,Subsidized,DEFIANCE RIDGE APARTMENTS - 1221 Ayersville Ave,S8PB
43512,Subsidized,NEW HOME DEVELOPMENT - 441 Pontiac Dr,S8PB
43512,Subsidized,RALSTON SQUARE - 548 Pontiac Dr,S8PB
43512,Subsidized,CHELSEA VILLAGE APARTMENTS - 701 Village Ln,LIHTC
43512,Subsidized,VILLAS OF WAYNE TRAIL - 801 Village Ln,LIHTC
43512,Subsidized,DEFIANCE CNTY - B - B - 93 - 019 - 1 - 1933 E 2nd St,HOME
43512,Subsidized,Defiance Crossing Lease Purchase Housing - 511 Defiance Xing,LIHTC
43515,Subsidized,DELTA VILLAS 1 - 101 Oakview Dr,LIHTC
43515,Subsidized,DELTA VILLAS 2 - 700 Oakview Dr,LIHTC
43515,Subsidized,OAKVIEW APARTMENTS - 100 Oakview Dr,LIHTC
43515,Subsidized,DELTA VILLAS - 1010 Oakview Dr,LIHTC
43521,Subsidized,CLAY MEADOWS - 111 Willard Ct,RHS
43526,Subsidized,SOUTHERN HILLS APARTMENTS - 501 Fountain St,RHS
43537,Subsidized,EHDOC Teamster's Residences* - 6071 Manley Rd,S8PB
43543,Subsidized,MONTPELIER GARDENS - 202 E Wabash Ave,S8PB
43543,Subsidized,- 120 N Pleasant St,HOME
43545,Subsidized,RIVERVIEW TERRACE - 120 E Maumee Ave,S8PB
43545,Subsidized,OAKWOOD VILLAGE APT - 1800 Oakwood Ave,RHS
43545,Subsidized,Glen Arbors Apartments - 2469 Glen Arbors Dr,LIHTC
43545,Subsidized,- 1153 Woodlawn Ave,HOME
43545,Subsidized,- 231 E Main St,HOME
43545,Subsidized,- 411 W Clinton St,HOME
43545,Subsidized,- 515 W Clinton St,HOME
43551,Subsidized,ABUNDANT LIFE OF PERRYSBURG # 2 - 200 Zoar Dr,S8PB
43551,Subsidized,ABUNDANT LIFE OF PERRYSBURG* - 100 Trinity Ct,S8PB
43551,Subsidized,LOUISIANA HOUSE* - 129 Dr McAuleys Ct,S8PB
43557,Subsidized,WHISPERING WINDS APARTMENTS - 800 Maple St,LIHTC
43558,Subsidized,Paigelynn Place - 301 W Airport Hwy,LIHTC
43558,Subsidized,BROOKSIDE SENIOR - 123 Brookside Dr,RHS
43558,Subsidized,PAIGELYNN PLACE - 102 Paigelynn St,PUBLIC
43567,Subsidized,WEST ELM VILLAS - 100 Enterprise Ave,LIHTC
43567,Subsidized,WAUSEON MANOR II - 425 Cole St,LIHTC
43567,Subsidized,WEST ELM APARTMENTS - 100 E Elm St,LIHTC
43567,Subsidized,WEST ELM APARTMENTS - 840 W Elm St,RHS
43567,Subsidized,Wauseon Senior Village - 742 Wauseon Senior Village Dr,LIHTC
43567,Subsidized,FULFILLING HOUSING II - 1221 Lillian Ln,S8PB
43567,Subsidized,- 13975 State Route 108,HOME
43569,Subsidized,BROAD OAK APARTMENTS - 20200 Oak St,RHS
43570,Subsidized,WEST UNITY APARTMENTS - 501 E Church St,LIHTC
43571,Subsidized,Bettye Ruth Kay Homes - 12660 Archbold Whitehouse Rd,S8PB
43571,Subsidized,Whitehouse Square Senior Village - 7001 Park View Ct,LIHTC
43571,Subsidized,- 7000 Park View Ct,HOME
43604,Subsidized,PROJECT ALPHA* - 525 E Woodruff Ave,S8PB
43604,Subsidized,JAC RENTALS - 315 Elm St,S8PB
43604,Subsidized,COVENANT HOUSE* - 702 N Erie St,S8PB
43604,Subsidized,BYRAM PROPERTIES - 811 N Huron St,S8PB
43604,Subsidized,MADONNA HOMES - 722 N Huron St,S8PB
43604,Subsidized,TURNER PROPERTIES - 1430 N Huron St,S8PB
43604,Subsidized,NORTHGATE APARTMENTS - 610 Stickney Ave,S8PB
43604,Subsidized,Greenbelt Place Apartments - 727 N Michigan St,S8PB
43604,Subsidized,VISTULA HERITAGE VILLAGE* - 711 Locust St,S8PB
43604,Subsidized,WOODRUFF VILLAGE* - 125 E Woodruff Ave,S8PB
43604,Subsidized,PINEWOOD PLACE* - 1210 Collingwood Blvd,S8PB
43604,Subsidized,VISTULA HERITAGE II - 629 Locust St,S8PB
43604,Subsidized,MULBERRY - 823 Mulberry St,LIHTC
43604,Subsidized,PERRY APARTMENTS - 829 Mulberry St,LIHTC
43604,Subsidized,MACY'S APARTMENTS - 513 Adams St,LIHTC
43604,Subsidized,MUSEUM PLACE - 2300 Monroe St,LIHTC
43604,Subsidized,TOLEDO HOMES - 553 Lucas St,LIHTC
43604,Subsidized,TOLEDO HOMES II - 636 Avondale Ave,LIHTC
43604,Subsidized,COMMODORE PERRY APARTMENTS - 505 Jefferson Ave,LIHTC
43604,Subsidized,Riverfront Apartments* - 245 N Summit St,LIHTC
43604,Subsidized,ADAMS STREET DEVELOPMENT - 322 14th St,LIHTC
43604,Subsidized,CHERRYWOOD APARTMENTS - 722 Champlain St,LIHTC
43604,Subsidized,New Cheney Flats - 6 Southard Ave,LIHTC
43604,Subsidized,- 1007 N Summit St,HOME
43604,Subsidized,"DEVELOPER , MULTI - FAMILY NEW CONSTRUCTION - 323 13th St",HOME
43604,Subsidized,CENTRAL 3 - AMP 133 - 240 21st St,PUBLIC
43604,Subsidized,GREENBELT APARTMENTS - 806 Cherry St,LIHTC
43604,Subsidized,CENTRAL 1 - AMP 131 - 201 Indiana Ave,PUBLIC
43604,Subsidized,YWCA of Toledo - 1010 Jefferson Ave,LIHTC
43604,Subsidized,Renaissance Senior Apartments - 409 N Saint Clair St,LIHTC
43604,Subsidized,Hillcrest Apartments - 241 16th St,LIHTC
43604,Subsidized,Uptown Arts Apartments I - 336 14th St,LIHTC
43604,Subsidized,"VISTULA HERITAGE VILLAGE, PHASE II - 817 N Michigan St",LIHTC
43604,Subsidized,- 1009 N Michigan St,HOME
43604,Subsidized,- 1018 Jefferson Ave,HOME
43604,Subsidized,- 1035 N Superior St,HOME
43604,Subsidized,- 1111 N Michigan St,HOME
43604,Subsidized,- 1127 Champlain St,HOME
43604,Subsidized,- 1302 N Michigan St,HOME
43604,Subsidized,- 1310 N Michigan St,HOME
43604,Subsidized,- 1312 N Michigan St,HOME
43604,Subsidized,- 1316 N Michigan St,HOME
43604,Subsidized,- 1331 N Michigan St,HOME
43604,Subsidized,- 401 N Saint Clair St,HOME
43604,Subsidized,- 501 Jefferson Ave,HOME
43604,Subsidized,- 575 Fernwood Ave,HOME
43604,Subsidized,- 628 Fernwood Ave,HOME
43604,Subsidized,- 740 Norwood Ave,HOME
43604,Subsidized,- 749 Belmont Ave,HOME
43604,Subsidized,- 831 Elm St,HOME
43604,Subsidized,"COLLINGWOOD GREEN, Phase 1 - 800 Division St",PUBLIC
43605,Subsidized,LUTHER GROVE - 2506 Seaman St,S8PB
43605,Subsidized,WHITE STREET - 519 White St,LIHTC
43605,Subsidized,EAST 1 - AMP 121 - 637 Fassett St,PUBLIC
43605,Subsidized,EAST 2 - AMP 122 - 1 Ravine Park Vlg,PUBLIC
43605,Subsidized,- 1205 Ironwood Ave,HOME
43605,Subsidized,- 316 Morrison Dr,HOME
43605,Subsidized,- 638 Oswald St,HOME
43605,Subsidized,- 846 Berry St,HOME
43605,Subsidized,- 853 Yondota St,HOME
43605,Subsidized,- 938 Butler St,HOME
43606,Subsidized,PALMER GARDENS - 2733 Wayman Palmer Dr,S8PB
43606,Subsidized,HAMPTON COURT - 3125 Ilger Ave,S8PB
43606,Subsidized,PELHAM MANOR - 2700 Pelham Rd,S8PB
43606,Subsidized,WILLIS RENTALS - 2233 Hollywood Ave,LIHTC
43606,Subsidized,WILLARD APARTMENTS - 2249 Upton Ave,LIHTC
43606,Subsidized,Oakwood Homes III - 1425 Foster Ave,LIHTC
43606,Subsidized,Englewood Senior Housing - 2731 Monroe St,LIHTC
43606,Subsidized,- 2737 Monroe St,HOME
43606,Subsidized,- 1311 Fitchland Ave,HOME
43606,Subsidized,- 1344 Elmwood Ave,HOME
43606,Subsidized,- 1352 Elmwood Ave,HOME
43606,Subsidized,- 1356 Elmwood Ave,HOME
43606,Subsidized,- 1427 Prospect Ave,HOME
43606,Subsidized,- 1445 Macomber St,HOME
43606,Subsidized,- 1820 Lawrence Ave,HOME
43606,Subsidized,- 1832 Cone St,HOME
43606,Subsidized,- 1834 Milburn Ave,HOME
43606,Subsidized,- 2102 Elliott Ave,HOME
43606,Subsidized,- 2257 Upton Ave,HOME
43606,Subsidized,- 2903 Wicklow Rd,HOME
43606,Subsidized,- 3120 E Lincolnshire Blvd,HOME
43606,Subsidized,- 4105 Graceway Dr,HOME
43607,Subsidized,ST GEORGE'S MANOR - 3716 Hill Ave,S8PB
43607,Subsidized,NEW TOWN - 1013 Dorr St,S8PB
43607,Subsidized,HILLTOP VILLAGE - 3508 Hilltop Blvd,S8PB
43607,Subsidized,THE WESTMOOR - 1001 N Byrne Rd,S8PB
43607,Subsidized,KELLY APARTMENTS - 1118 Upton Ave,LIHTC
43607,Subsidized,MONTGOMERY RENTAL - 2132 Parkdale Ave,LIHTC
43607,Subsidized,NORWOOD AND STICKNEY - 1816 Norwood Ave,LIHTC
43607,Subsidized,TURNER AVENUE - 2019 Calumet Ave,LIHTC
43607,Subsidized,COUNTRY CREEK APARTMENTS - 1500 College Dr,LIHTC
43607,Subsidized,West Central Homes - 1611 N Detroit Ave,LIHTC
43607,Subsidized,City Forrest of Toledo - 727 Amelia St,LIHTC
43607,Subsidized,Oakwood Homes II* - 1230 Oakwood Ave,LIHTC
43607,Subsidized,WEST 2 - AMP 112 - 3425 Nebraska Ave,PUBLIC
43607,Subsidized,OAKWOOD HOMES IV* - 830 N Westwood Ave,HOME
43607,Subsidized,Oakwood Homes Iv - 1235 Fernwood Ave,LIHTC
43607,Subsidized,- 1036 Norwood Ave,HOME
43607,Subsidized,- 1125 Marmion Ave,HOME
43607,Subsidized,- 1228 Tecumseh St,HOME
43607,Subsidized,- 1233 Hamilton St,HOME
43607,Subsidized,- 1258 Woodland Ave,HOME
43607,Subsidized,- 1516 Oakwood Ave,HOME
43607,Subsidized,- 1546 Belmont Ave,HOME
43607,Subsidized,- 1607 Fernwood Ave,HOME
43607,Subsidized,- 1647 Fernwood Ave,HOME
43607,Subsidized,- 1902 Calumet Ave,HOME
43607,Subsidized,- 2050 Parkside Blvd,HOME
43607,Subsidized,- 630 Marmion Ave,HOME
43607,Subsidized,- 906 Oakwood Ave,HOME
43607,Subsidized,- 914 Oakwood Ave,HOME
43608,Subsidized,CHERRY STREET MANOR - 2002 Cherry St,LIHTC
43608,Subsidized,KELLY APARTMENTS - 1701 Mulberry St,LIHTC
43608,Subsidized,MAPLE STREET - 3208 Maple St,LIHTC
43608,Subsidized,Ontario Place Homes - 816 E Bancroft St,LIHTC
43608,Subsidized,United North School Homes - 719 Page St,LIHTC
43608,Subsidized,United North School Homes II - 3106 Lagrange St,LIHTC
43608,Subsidized,- 2020 Locust St,HOME
43608,Subsidized,- 2102 Locust St,HOME
43608,Subsidized,- 3120 Brigham St,HOME
43608,Subsidized,- 3418 Maple St,HOME
43608,Subsidized,- 435 E Streicher St,HOME
43608,Subsidized,- 533 Dexter St,HOME
43609,Subsidized,ARLINGTON BY THE LAKE - 2101 Arlington Ave,S8PB
43609,Subsidized,SOUTH TOLEDO HOMES - 837 Western Ave,S8PB
43609,Subsidized,BYRNEPORT APARTMENTS II LP - 813 Byrneport Dr,S8PB
43609,Subsidized,HIGHLAND CREST APARTMENTS - 423 Southcrest St,S8PB
43609,Subsidized,IDE APARTMENTS II - 3456 Mercer St,S8PB
43609,Subsidized,AIRLINE MANOR - 1942 Airline Ave,LIHTC
43609,Subsidized,The Lakewoods - 2105 Arlington Ave,LIHTC
43609,Subsidized,Southeast Toledo Homes II* - 217 Marion St,LIHTC
43609,Subsidized,SOUTH TOLEDO HOMES - 239 Eastern Ave,LIHTC
43609,Subsidized,Byrneport Apartments - 909 Byrneport Dr,FHA
43609,Subsidized,- 541 Brighton Ave,HOME
43609,Subsidized,- 828 Dunwood Ct,HOME
43610,Subsidized,DEAN'S RENTALS - 3249 Glenwood Ave,LIHTC
43610,Subsidized,Renascence Ottawa Area Residences - 930 Ambia St,LIHTC
43610,Subsidized,- 247 Kevin Pl,HOME
43610,Subsidized,- 2551 Scottwood Ave,HOME
43610,Subsidized,- 2833 1/2 Scottwood Ave,HOME
43610,Subsidized,- 3345 Maplewood Ave,HOME
43610,Subsidized,- 449 Bryant Ct,HOME
43611,Subsidized,REGINA MANOR APARTMENTS - 3731 N Erie St,S8PB
43611,Subsidized,OTTAWA COVE APARTMENTS II LP* - 1841 S Ottawa Cove Dr,S8PB
43611,Subsidized,North River Homes I - 711 Buckeye St,LIHTC
43611,Subsidized,Pontiac Place Homes - 3136 N Ontario St,LIHTC
43611,Subsidized,OTTAWA RIVER ESTATES - Unknown,S8PB
43611,Subsidized,Regina Manor - 3510 N Erie St,LIHTC
43611,Subsidized,BRIDGE POINT SENIOR VILLAGE - 2005 Abygail Trl,S8PB
43611,Subsidized,- 3315 Mayo St,HOME
43612,Subsidized,NORTH TOWNE VILLAGE - 5725 Silverside Dr,S8PB
43612,Subsidized,- 4038 Packard Rd,HOME
43612,Subsidized,- 411 Waybridge Rd,HOME
43612,Subsidized,- 4414 Caroline Ave,HOME
43612,Subsidized,- 734 Phillips Ave,HOME
43613,Subsidized,DOUGLAS SQUARE APARTMENTS - 4739 Douglas Rd,S8PB
43613,Subsidized,AHEPA Apartments # 118 - 1865 W Alexis Rd,S8PB
43614,Subsidized,MICHAELMAS MANOR* - 3250 Schneider Rd,S8PB
43614,Subsidized,Keygate Manor - 2629 Keygate Dr,S8PB
43614,Subsidized,THE GLENDALE - 5020 Ryan Rd,LIHTC
43614,Subsidized,HEATHERGATE PARK APARTMENTS - 2450 Heather Gate Blvd,LIHTC
43614,Subsidized,SOUTHBRIDGE SQUARE APARTMENTS - 1255 S Byrne Rd,LIHTC
43614,Subsidized,WEST 1 - AMP 111 - 5836 Southwyck Blvd,PUBLIC
43614,Subsidized,Michaelmas Manor - 3260 Schneider Rd,LIHTC
43614,Subsidized,The Lakewoods - Phase II - 1021 Garden Trl,LIHTC
43614,Subsidized,Lakewoods - Phase III - 1035 Garden Lake Ct,LIHTC
43615,Subsidized,SOUTHGATE WOODS APARTMENTS* - 472 Southgate Circle Dr,S8PB
43615,Subsidized,STEWART APARTMENTS - 4656 Hill Ave,S8PB
43615,Subsidized,THE OAKS - 5320 Hill Ave,S8PB
43615,Subsidized,ST PAUL SENIOR CITIZENS* - 1116 Brookview Dr,S8PB
43615,Subsidized,LUTHER CREST - 2519 N Holland Sylvania Rd,S8PB
43615,Subsidized,ACCESSIBLE COUNTRY TRAIL II - 4233 Foxfire Ct,S8PB
43615,Subsidized,SPIRIT MANOR AKA DOVES MANOR - 1040 Brookview Dr,S8PB
43615,Subsidized,LIVING STREAM - 4226 Foxfire Ct,S8PB
43615,Subsidized,BROOK VIEW GARDENS* - 1118 Brookview Dr,S8PB
43615,Subsidized,MAUMEE HOUSE - 1028 Linden Ln,S8PB
43615,Subsidized,OAKWOOD GARDENS* - 6844 Oakfield Dr,S8PB
43615,Subsidized,NORWICH APARTMENTS II LP - 5146 Norwich Rd,S8PB
43615,Subsidized,Pilgrim Port - 4541 Angola Rd,S8PB
43615,Subsidized,WESTLAND GARDENS - 1717 Fielding Ave,S8PB
43615,Subsidized,OTTAWA HOUSE - 5310 Hill Ave,S8PB
43615,Subsidized,ACCESSIBLE COUNTRY TRAIL - 1182 Country Creek Ln,S8PB
43615,Subsidized,Mercy Outreach Ministries IV - 1149 Shadow Ln,S8PB
43615,Subsidized,OBLATE RESIDENCES - 1225 Flaire Dr,S8PB
43615,Subsidized,GREENVIEW GARDENS - 1151 Pinebrook Pkwy,S8PB
43615,Subsidized,IDE CENTER APARTMENTS - 802 Shadow Ln,S8PB
43615,Subsidized,LUTHER CREST APARTMENTS - 2511 Royce Rd,LIHTC
43615,Subsidized,Swan Cove Apartments - 1232 Wenz Rd,LIHTC
43615,Subsidized,Waterford* - 4943 Angola Rd,LIHTC
43615,Subsidized,"DEVELOPER , MULTI FAMILY NEW CONSTRUCTION - 1220 4 Seasons Dr",HOME
43615,Subsidized,Autumn Wood Village - 4110 Angola Rd,LIHTC
43615,Subsidized,Garden View Acres - 950 Valerian Ct,LIHTC
43615,Subsidized,Norwich Apartments - 5150 Norwich Rd,FHA
43615,Subsidized,ACCESSIBLE COUNTRY TRAIL II - 1063 Country Creek Ln,HOME
43615,Subsidized,THE WATERFORD - 4851 Angola Rd,FHA
43615,Subsidized,Waterford II - 1050 James Gate Dr,LIHTC
43615,Subsidized,SWAN CREEK FOUR SEASONS APARTMENTS - 1142 4 Seasons Dr,LIHTC
43615,Subsidized,Autumn Wood Village II - 4134 Angola Rd,LIHTC
43615,Subsidized,- 4855 Angola Rd,HOME
43615,Subsidized,Schleicher homes V - 4705 Chicory Dr,S8PB
43615,Subsidized,- 1031 Steeplebush Dr,HOME
43615,Subsidized,- 1045 Brookview Dr,HOME
43615,Subsidized,- 4100 Angola Rd,HOME
43615,Subsidized,- 4545 Angola Rd,HOME
43616,Subsidized,CHARLES CREST II - 2930 Dustin Rd,S8PB
43616,Subsidized,LUTHERAN HOUSING S # 18 - 175 S Wheeling St,S8PB
43616,Subsidized,FOUNTAIN SQUARE OF OREGON LP - 3113 Navarre Ave,S8PB
43616,Subsidized,Fountain Square Apartments* - 3119 Navarre Ave,FHA
43617,Subsidized,SYLVANIA SENIOR RESIDENCE - 3306 Percentum Rd,LIHTC
43619,Subsidized,Schleicher Homes aka Lutheran Home of Mercy - 3013 E Plaza Blvd,S8PB
43619,Subsidized,East Pointe Apartments - 3617 Lakepointe Dr,LIHTC
43620,Subsidized,ASHLAND MANOR - 2030 Ashland Ave,S8PB
43620,Subsidized,THE PLAZA* - 2520 Monroe St,S8PB
43620,Subsidized,MOODY MANOR - 2293 1/2 Kent St,S8PB
43620,Subsidized,GEORGE MANCE COMMONS - 2050 Warren St,S8PB
43620,Subsidized,BEACON PLACE - 332 Beacon St,LIHTC
43620,Subsidized,MAPLEWOOD MANOR - 2453 Maplewood Ave,LIHTC
43620,Subsidized,BANCROFT COURT APARTMENTS - 401 W Bancroft St,LIHTC
43620,Subsidized,Totco Homes - 302 Columbia St,LIHTC
43620,Subsidized,WARREN SHERMAN FLATS - 14 Columbia St,LIHTC
43620,Subsidized,TOLEDO OLDE TOWNE COMMUNI - 2052 Collingwood Blvd,HOME
43620,Subsidized,"DEVELOPER , MULTI FAMILY NEW CONSTRUCTION - New Cheney Flats (Adams & Franklin)",HOME
43620,Subsidized,Moody Manor Apartments - 2201 Kent St,LIHTC
43620,Subsidized,PARQWOOD APARTMENTS - 2125 Parkwood Ave,S8PB
43620,Subsidized,- 2278 Warren St,HOME
43620,Subsidized,- 2449 Putnam St,HOME
43623,Subsidized,HOPE MANOR - 4702 Violet Rd,S8PB
43701,Subsidized,Coopermill Manor - 407 Pershing Rd,S8PB
43725,Subsidized,- Weedon Ave,HOME
43756,Subsidized,- 259 S 10th St,HOME
43764,Subsidized,211 N JACKSON ST - 211 N Jackson St,LIHTC
43777,Subsidized,VILLAGE GREEN Apartments - 1000 Village Green Dr,RHS
43830,Subsidized,- 2380 Vista View Dr N,HOME
43844,Subsidized,- 300 Bridge St,HOME
43844,Subsidized,- 40235 Township Road 41 # B,HOME
43950,Subsidized,- 104 Norris St,HOME
43950,Subsidized,- 47620 Deerfield Dr,HOME
43952,Subsidized,- N 6th St,HOME
44004,Subsidized,- 1009 W 37th St,HOME
44004,Subsidized,- 1015 W 37th St,HOME
44004,Subsidized,- 1035 W 37th St,HOME
44040,Subsidized,- 7973 Battles Rd,HOME
44041,Subsidized,- 185 S Cedar St,HOME
44041,Subsidized,- 204 Elm St,HOME
44041,Subsidized,- 423 N Broadway,HOME
44041,Subsidized,- 464 N Broadway,HOME
44041,Subsidized,- 55 N Broadway,HOME
44041,Subsidized,- 979 W Main St,HOME
44041,Subsidized,- 98 S Eagle St,HOME
44052,Subsidized,- 1155 Reid Ave,HOME
44052,Subsidized,- 1850 Washington Ave,HOME
44060,Subsidized,- 6201 Thunderbird Dr,HOME
44060,Subsidized,- 7321 Hayes Blvd,HOME
44070,Subsidized,- 3950 Walter Rd,HOME
44070,Subsidized,APTS AT ST RICHARD - 26855 Lorain Rd,LIHTC
44074,Subsidized,LMHA OBERLIN HOMES - 160 N Park St,LIHTC
44074,Subsidized,Oberlin Homes LIHTC - 123 S Pleasant St,PUBLIC
44077,Subsidized,- 107 E Prospect St,HOME
44077,Subsidized,- 307 McKinley Grv,HOME
44077,Subsidized,CHDO - 345 Willow Dr,HOME
44077,Subsidized,- 63 S State St,HOME
44077,Subsidized,- 71 North Park Pl,HOME
44081,Subsidized,- 5120 N Ridge Rd,HOME
44094,Subsidized,- 1416 Lost Nation Rd,HOME
44094,Subsidized,MARY ROSE ESTATES - 35253 Maplegrove Rd,LIHTC
44102,Subsidized,- 10426 Detroit Ave,HOME
44102,Subsidized,- 6209 Ellen Ave,HOME
44102,Subsidized,- 6501 Detroit Ave,HOME
44102,Subsidized,- 7005 Guthrie Ave,HOME
44102,Subsidized,- 7902 Madison Ave,HOME
44102,Subsidized,- 8001 Detroit Ave,HOME
44102,Subsidized,- 8121 Detroit Ave,HOME
44102,Subsidized,"EMERALD ALLIANCE, PHASE VII - 9431 Lorain Ave",LIHTC
44103,Subsidized,- 1004 E 78th St,HOME
44103,Subsidized,- 1023 E 79th St,HOME
44103,Subsidized,- 1041 E 69th St,HOME
44103,Subsidized,- 1051 E 68th St,HOME
44103,Subsidized,- 1089 E 77th St,HOME
44103,Subsidized,- 1093 E 76th St,HOME
44103,Subsidized,- 1095 E 67th St,HOME
44103,Subsidized,- 1097 E 72nd St,HOME
44103,Subsidized,- 1101 E 72nd St,HOME
44103,Subsidized,- 1137 E 72nd St,HOME
44103,Subsidized,- 1234 E 73rd Pl,HOME
44103,Subsidized,- 1946 E 79th St,HOME
44103,Subsidized,- 2231 E 83rd St,HOME
44103,Subsidized,- 2270 E 74th St,HOME
44103,Subsidized,- 2274 E 73rd St,HOME
44103,Subsidized,- 4614 Prospect Ave,HOME
44103,Subsidized,- 4914 Prospect Ave,HOME
44103,Subsidized,- 5605 Linwood Ave,HOME
44103,Subsidized,- 6308 Carl Ave,HOME
44103,Subsidized,- 6710 Bonna Ave,HOME
44103,Subsidized,- 7044 Superior Ave,HOME
44103,Subsidized,- 7049 Superior Ave,HOME
44103,Subsidized,- 7920 Korman Ave,HOME
44103,Subsidized,- 946 Ansel Rd,HOME
44103,Subsidized,- 955 Ida Ave,HOME
44104,Subsidized,- 10008 Cumberland Ave,HOME
44104,Subsidized,- 10014 Shale Ave,HOME
44104,Subsidized,- 10201 Sophia Ave,HOME
44104,Subsidized,- 10205 Sophia Ave,HOME
44104,Subsidized,- 10209 Sophia Ave,HOME
44104,Subsidized,- 10313 Hulda Ave,HOME
44104,Subsidized,- 10506 Hulda Ave,HOME
44104,Subsidized,- 10603 Hulda Ave,HOME
44104,Subsidized,- 11101 Forest Ave,HOME
44104,Subsidized,- 11202 Woodland Ave,HOME
44104,Subsidized,- 11206 Harvey Ave,HOME
44104,Subsidized,- 11206 Woodland Ave,HOME
44104,Subsidized,- 11301 Mount Carmel Rd,HOME
44104,Subsidized,- 11405 Lardet Ave,HOME
44104,Subsidized,- 11514 Woodland Ave,HOME
44104,Subsidized,- 11518 Woodland Ave,HOME
44104,Subsidized,- 11529 Buckeye Rd,HOME
44104,Subsidized,- 2314 E 59th St,HOME
44104,Subsidized,- 2315 E 61st St,HOME
44104,Subsidized,- 2316 E 63rd St,HOME
44104,Subsidized,- 2321 E 59th St,HOME
44104,Subsidized,- 2343 E 84th St,HOME
44104,Subsidized,- 2349 E 84th St,HOME
44104,Subsidized,- 2362 E 61st St,HOME
44104,Subsidized,- 2556 E 84th St,HOME
44104,Subsidized,- 2628 E 112th St,HOME
44104,Subsidized,- 2777 E 73rd St,HOME
44104,Subsidized,- 2783 E 73rd St,HOME
44104,Subsidized,- 2791 E 73rd St,HOME
44104,Subsidized,- 2795 E 73rd St,HOME
44104,Subsidized,- 2799 E 73rd St,HOME
44104,Subsidized,- 2881 E 104th St,HOME
44104,Subsidized,- 2892 E 102nd St,HOME
44104,Subsidized,- 2898 E 102nd St,HOME
44104,Subsidized,- 3013 E 75th St,HOME
44104,Subsidized,- 3014 E 77th St,HOME
44104,Subsidized,- 3015 E 77th St,HOME
44104,Subsidized,- 3016 E 77th St,HOME
44104,Subsidized,- 3036 E 78th St,HOME
44104,Subsidized,- 3434 E 103rd St,HOME
44104,Subsidized,- 4315 Quincy Ave,HOME
44104,Subsidized,- 5808 Central Ave,HOME
44104,Subsidized,- 5908 Central Ave,HOME
44104,Subsidized,- 5914 Central Ave,HOME
44104,Subsidized,- 6004 Central Ave,HOME
44104,Subsidized,- 6106 Central Ave,HOME
44104,Subsidized,- 6118 Central Ave,HOME
44104,Subsidized,- 7102 Port Ave,HOME
44104,Subsidized,- 7310 Colfax Rd,HOME
44104,Subsidized,- 7314 Colfax Rd,HOME
44104,Subsidized,- 7617 Rawlings Ave,HOME
44104,Subsidized,- 7622 Rawlings Ave,HOME
44104,Subsidized,- 8014 Lucia Ave,HOME
44104,Subsidized,- 8019 Keyes Ave,HOME
44104,Subsidized,- 8111 Keyes Ave,HOME
44104,Subsidized,- 9019 Harris Ave,HOME
44104,Subsidized,- 9316 Bessemer Ave,HOME
44104,Subsidized,- 9412 Manor Ave,HOME
44104,Subsidized,- 9424 Manor Ave,HOME
44104,Subsidized,- 9611 Cumberland Ave,HOME
44104,Subsidized,- 9703 Sophia Ave,HOME
44104,Subsidized,- 9705 Manor Ave,HOME
44104,Subsidized,- 9710 Bessemer Ave,HOME
44104,Subsidized,- 9717 Hilgert Dr,HOME
44104,Subsidized,- 9722 Yeakel Ave,HOME
44104,Subsidized,- 9809 Elwell Ave,HOME
44104,Subsidized,- 9813 Elwell Ave,HOME
44104,Subsidized,- 9816 Elwell Ave,HOME
44104,Subsidized,- 9901 Manor Ave,HOME
44104,Subsidized,- 9912 Kennedy Ave,HOME
44104,Subsidized,Woodland-East 115th - 11428 Woodland Ave,PUBLIC
44105,Subsidized,- 11113 Avon Ave,HOME
44105,Subsidized,- 11321 Greenwich Ave,HOME
44105,Subsidized,- 12805 Oakfield Ave,HOME
44105,Subsidized,- 3554 E 81st St,HOME
44105,Subsidized,- 3569 E 76th St,HOME
44105,Subsidized,- 3571 E 108th St,HOME
44105,Subsidized,- 3576 E 75th St,HOME
44105,Subsidized,- 3607 E 108th St,HOME
44105,Subsidized,- 3619 E 75th St,HOME
44105,Subsidized,- 3622 E 78th St,HOME
44105,Subsidized,- 3623 E 81st St,HOME
44105,Subsidized,- 4122 E 110th St,HOME
44105,Subsidized,- 4150 E 114th St,HOME
44105,Subsidized,- 4150 E 95th St,HOME
44105,Subsidized,- 4154 E 95th St,HOME
44105,Subsidized,- 4159 E 94th St,HOME
44105,Subsidized,- 4169 E 95th St,HOME
44105,Subsidized,- 6909 Gertrude Ave,HOME
44105,Subsidized,- 8114 Crofoot Ave,HOME
44105,Subsidized,- 9119 Miles Ave,HOME
44105,Subsidized,- 9349 Gaylord Ave,HOME
44105,Subsidized,- 9400 Gaylord Ave,HOME
44105,Subsidized,- 9405 Gaylord Ave,HOME
44105,Subsidized,- 9406 Gaylord Ave,HOME
44105,Subsidized,- 9414 Anderson Ave,HOME
44105,Subsidized,- 9601 Gaylord Ave,HOME
44105,Subsidized,- 9702 Gaylord Ave,HOME
44105,Subsidized,- 9809 Gaylord Ave,HOME
44105,Subsidized,- 9904 Aetna Rd,HOME
44105,Subsidized,Miles Pointe Elderly* - 11806 Miles Ave,LIHTC
44106,Subsidized,- 10604 Superior Ave,HOME
44106,Subsidized,- 10709 Churchill Ave,HOME
44106,Subsidized,- 11211 Orville Ave,HOME
44106,Subsidized,- 1324 E 91st St,HOME
44106,Subsidized,- 1381 E 124th St,HOME
44106,Subsidized,- 1385 E 124th St,HOME
44106,Subsidized,- 1390 E 124th St,HOME
44106,Subsidized,- 1429 E 93rd St,HOME
44106,Subsidized,REGENCY SQUARE Apartments - 1556 Ansel Rd,LIHTC
44106,Subsidized,- 1731 E 115th St,HOME
44106,Subsidized,- 2305 E 100th St,HOME
44106,Subsidized,- 2325 E 87th St,HOME
44106,Subsidized,- 8520 Carnegie Ave,HOME
44107,Subsidized,- 13321 Madison Ave,HOME
44108,Subsidized,- 10105 Elk Ave,HOME
44108,Subsidized,- 10626 Helena Ave,HOME
44108,Subsidized,- 10817 Pasadena Ave,HOME
44108,Subsidized,- 10825 Greenlawn Ave,HOME
44108,Subsidized,- 10901 Hampden Ave,HOME
44108,Subsidized,- 537 E 107th St,HOME
44108,Subsidized,- 593 E 99th St,HOME
44108,Subsidized,- 594 E 99th St,HOME
44108,Subsidized,- 618 E 97th St,HOME
44108,Subsidized,- 635 E 96th St,HOME
44108,Subsidized,- 661 E 102nd St,HOME
44108,Subsidized,- 676 E 101st St,HOME
44108,Subsidized,- 725 E 128th St,HOME
44108,Subsidized,- 736 E 128th St,HOME
44108,Subsidized,- 743 E 91st St,HOME
44108,Subsidized,- 766 E 95th St,HOME
44108,Subsidized,- 781 Lakeview Rd,HOME
44108,Subsidized,- 924 Parkwood Dr,HOME
44108,Subsidized,- 928 Parkwood Dr,HOME
44109,Subsidized,- 3325 W 25th St,HOME
44110,Subsidized,- 14020 Castalia Ave,HOME
44110,Subsidized,- 14601 Idarose Ave,HOME
44110,Subsidized,- 15706 Damon Ave,HOME
44112,Subsidized,- 12412 Auburndale Ave,HOME
44112,Subsidized,- 1400 Lakeview Rd,HOME
44112,Subsidized,- 1966 Hilton Rd,HOME
44113,Subsidized,- 1830 W 28th St,HOME
44113,Subsidized,- 2507 W 7th St,HOME
44113,Subsidized,- 3200 Lorain Ave,HOME
44113,Subsidized,- 3212 Lorain Ave,HOME
44113,Subsidized,Walton Extension - 2957 W 30th St,PUBLIC
44114,Subsidized,- 1031 Superior Ave E,HOME
44114,Subsidized,- 1404 E 9th St,HOME
44114,Subsidized,- 1550 Superior Ave E,HOME
44115,Subsidized,- 2152 E 38th St,HOME
44115,Subsidized,- 2322 E 34th St,HOME
44120,Subsidized,- 11813 Continental Ave,HOME
44120,Subsidized,- 12034 Griffing Ave,HOME
44120,Subsidized,- 12526 Griffing Ave,HOME
44120,Subsidized,- 12527 Griffing Ave,HOME
44120,Subsidized,- 13110 Lorenzo Ave,HOME
44120,Subsidized,- 2922 E 119th St,HOME
44120,Subsidized,- 2934 E 121st St,HOME
44120,Subsidized,- 2944 E 121st St,HOME
44120,Subsidized,- 2986 E 126th St,HOME
44120,Subsidized,- 3183 E 130th St,HOME
44120,Subsidized,- 3267 E 128th St,HOME
44120,Subsidized,- 3283 E 130th St,HOME
44120,Subsidized,- 3324 E 126th St,HOME
44120,Subsidized,- 3328 E 130th St,HOME
44120,Subsidized,- 3330 E 143rd St,HOME
44120,Subsidized,- 3350 E 125th St,HOME
44120,Subsidized,- 3443 E 116th St,HOME
44120,Subsidized,- 3446 E 117th St,HOME
44120,Subsidized,- 3452 E 145th St,HOME
44120,Subsidized,- 3668 E 143rd St,HOME
44120,Subsidized,- 3673 E 154th St,HOME
44120,Subsidized,- 3721 E 151st St,HOME
44124,Subsidized,- 1740 Overbrook Rd,HOME
44125,Subsidized,- 5200 Marymount Village Dr,HOME
44125,Subsidized,- 5309 Transportation Blvd,HOME
44125,Subsidized,- 4847 Turney Rd,HOME
44127,Subsidized,- 2935 E 67th St,HOME
44127,Subsidized,- 2975 E 59th St,HOME
44127,Subsidized,- 2984 Nursery Ave,HOME
44127,Subsidized,- 3031 E 65th St,HOME
44127,Subsidized,- 3077 E 63rd St,HOME
44127,Subsidized,- 3203 E 55th St,HOME
44127,Subsidized,- 3232 E 48th St,HOME
44127,Subsidized,- 3236 E 48th St,HOME
44127,Subsidized,- 3263 E 56th Pl,HOME
44127,Subsidized,- 3331 E 65th St,HOME
44127,Subsidized,- 3409 E 69th St,HOME
44127,Subsidized,- 3442 E 71st St,HOME
44127,Subsidized,- 3450 E 78th St,HOME
44127,Subsidized,- 3453 E 76th St,HOME
44127,Subsidized,- 4821 Wendell Ave,HOME
44127,Subsidized,- 5002 Dolloff Rd,HOME
44127,Subsidized,- 5003 Dalton Ave,HOME
44127,Subsidized,- 5746 Portage Ave,HOME
44127,Subsidized,- 5750 Portage Ave,HOME
44127,Subsidized,- 5910 Cable Ave,HOME
44127,Subsidized,- 6641 Charter Ave,HOME
44127,Subsidized,- 7050 Morgan Ave,HOME
44128,Subsidized,- 14806 Ohio Ave,HOME
44128,Subsidized,- 14906 Lawndale Ave,HOME
44128,Subsidized,- 15006 Lawndale Ave,HOME
44128,Subsidized,- 15014 Lawndale Ave,HOME
44128,Subsidized,- 15118 Naples Ave,HOME
44128,Subsidized,- 16520 Fairfax Ave,HOME
44128,Subsidized,- 4311 Northfield Rd,HOME
44128,Subsidized,- 4631 E 153rd St,HOME
44128,Subsidized,- 4635 E 153rd St,HOME
44128,Subsidized,- 4639 E 153rd St,HOME
44128,Subsidized,- 4643 E 153rd St,HOME
44128,Subsidized,- 4651 E 153rd St,HOME
44128,Subsidized,- 4667 E 153rd St,HOME
44128,Subsidized,- 4949 Galaxy Pkwy,HOME
44128,Subsidized,Lee Road and Belmore Elderly - 4345 Lee Rd,PUBLIC
44131,Subsidized,- 855 Simich Dr,HOME
44133,Subsidized,- 4710 Edgerton Rd,HOME
44137,Subsidized,- 16000 Maple Park Dr,HOME
44138,Subsidized,- 6846 McKenzie Rd,HOME
44143,Subsidized,- 474 Richmond Rd,HOME
44143,Subsidized,- 401 Dumbarton Blvd,HOME
44143,Subsidized,- 4488 Catlin Dr,HOME
44144,Subsidized,- 4140 W 49th St,HOME
44146,Subsidized,MOTHER TERESA COMMONS - 25031 Columbus Rd,LIHTC
44147,Subsidized,- 10005 Broadview Rd,HOME
44149,Subsidized,- 20058 Hawthorn Ln,HOME
44216,Subsidized,- 1338 Johns Rd,HOME
44241,Subsidized,- 9429 Vista Ct,HOME
44266,Subsidized,- 131 4th St,HOME
44266,Subsidized,- 510 Oakwood St,HOME
44266,Subsidized,- 516 Oakwood St,HOME
44266,Subsidized,- 850 Jones St,HOME
44270,Subsidized,- 189 Sterling Ave,HOME
44270,Subsidized,- 39 Mary St,HOME
44281,Subsidized,- 115 Rainbow St,HOME
44281,Subsidized,- 125 S Pardee St,HOME
44281,Subsidized,- 157 Water St,HOME
44281,Subsidized,- 217 E Walnut St,HOME
44281,Subsidized,- 322 College St,HOME
44281,Subsidized,- 324 College St,HOME
44281,Subsidized,- 326 College St,HOME
44281,Subsidized,- 326 Elm St,HOME
44281,Subsidized,- 515 Main St,HOME
44304,Subsidized,- 176 E Lods St,HOME
44304,Subsidized,- 210 E North St,HOME
44304,Subsidized,- 256 E Lods St,HOME
44304,Subsidized,- 335 Turner St,HOME
44304,Subsidized,- 60 Rosalind Ct,HOME
44306,Subsidized,- 358 Fuller St,HOME
44306,Subsidized,- 401 Fuller St,HOME
44306,Subsidized,- 406 Fuller St,HOME
44307,Subsidized,- 100 W Cedar St,HOME
44307,Subsidized,- 1010 Haynes St,HOME
44307,Subsidized,- 665 Mallison Ave,HOME
44307,Subsidized,- 696 Edgewood Ave,HOME
44307,Subsidized,Edgewood Village South - 444 Berry Ave,PUBLIC
44308,Subsidized,- 166 S High St,HOME
44310,Subsidized,- 300 E Tallmadge Ave,HOME
44311,Subsidized,- Washington Blvd,HOME
44319,Subsidized,- 3445 S Main St,HOME
44319,Subsidized,- 5788 Nolley Rd,HOME
44320,Subsidized,- 1477 S Hawkins Ave,HOME
44405,Subsidized,- 129 Camvet Dr,HOME
44405,Subsidized,- 358 6th St,HOME
44405,Subsidized,- 460 Penhale Ave,HOME
44405,Subsidized,- 591 6th St,HOME
44406,Subsidized,- 3475 S Turner Rd,HOME
44410,Subsidized,- High St,HOME
44420,Subsidized,- 109 E 2nd St,HOME
44420,Subsidized,- 119 S Davis St,HOME
44420,Subsidized,- 14 E Prospect St,HOME
44420,Subsidized,- 167 Trumbull Ave,HOME
44420,Subsidized,- 21 Broadview Ave,HOME
44420,Subsidized,- 21 W Wilson Ave,HOME
44420,Subsidized,- 234 W Prospect St,HOME
44420,Subsidized,- 353 Iowa Ave,HOME
44420,Subsidized,- 425 North Ave,HOME
44420,Subsidized,- 427 North Ave,HOME
44425,Subsidized,EAGLE REEK Apartments - Myron St,S8PB
44438,Subsidized,- 8125 W Ohio St,HOME
44438,Subsidized,- 8135 W Ohio St,HOME
44444,Subsidized,- Carson Salt Srpings Rd,HOME
44446,Subsidized,- 126 Holford Ave,HOME
44446,Subsidized,- 209 W 3rd St,HOME
44446,Subsidized,- 2301 Robbins Ave,HOME
44446,Subsidized,- 357 W Park Ave,HOME
44446,Subsidized,- 417 5th St,HOME
44446,Subsidized,- 434 North Rd,HOME
44471,Subsidized,- 159 Sexton St,HOME
44481,Subsidized,- 290 W Market St,HOME
44481,Subsidized,- 375 N Park Ave,HOME
44483,Subsidized,- 181 Atlantic St NW,HOME
44483,Subsidized,- 207 Atlantic St NW,HOME
44483,Subsidized,- 213 Atlantic St NW,HOME
44483,Subsidized,- 223 Belmont Ave NE,HOME
44483,Subsidized,- 2345 Plaza Ave NE,HOME
44483,Subsidized,- 307 Douglas St NW,HOME
44483,Subsidized,- 514 Freeman St NW,HOME
44483,Subsidized,- 836 Adams Ave NW,HOME
44483,Subsidized,- 876 3rd St SW,HOME
44484,Subsidized,- 1782 Burton St SE,HOME
44484,Subsidized,- 1904 Burton St SE,HOME
44484,Subsidized,- 1912 Burton St SE,HOME
44484,Subsidized,- 1921 Burton St SE,HOME
44484,Subsidized,NSP Units - 3702 Crestview Ave SE,PUBLIC
44485,Subsidized,- 1110 Wood Ave SW,HOME
44485,Subsidized,- 1155 Swallow St SW,HOME
44485,Subsidized,- 1260 4th Dr SW,HOME
44485,Subsidized,- 1342 Front St SW,HOME
44485,Subsidized,- 1370 Tod Ave NW,HOME
44485,Subsidized,- 1757 Sweetbrier St SW,HOME
44485,Subsidized,- 776 Hoyt St SW,HOME
44485,Subsidized,- 776 Maple St SW,HOME
44502,Subsidized,- 148 Carroll St,HOME
44502,Subsidized,- 1635 S Heights Ave,HOME
44502,Subsidized,- 350 School St,HOME
44502,Subsidized,- 362 Edwards St,HOME
44502,Subsidized,- 526 Plum St,HOME
44502,Subsidized,- 530 Plum St,HOME
44502,Subsidized,- 853 Ridge Ave,HOME
44502,Subsidized,- 900 Ridge Ave,HOME
44502,Subsidized,- 903 High St,HOME
44502,Subsidized,- 916 Ridge Ave,HOME
44503,Subsidized,- 80 5th Ave,HOME
44505,Subsidized,` - 113 Baldwin St,HOME
44505,Subsidized,- 1216 Kimmel St,HOME
44505,Subsidized,- 1221 Elm St,HOME
44505,Subsidized,- 1354 Lansdowne Blvd,HOME
44505,Subsidized,- 1422 Forest View Dr,HOME
44505,Subsidized,- 1515 Oak Ln,HOME
44505,Subsidized,- 1624 Atkinson Ave,HOME
44505,Subsidized,- 1638 Lansdowne Blvd,HOME
44505,Subsidized,- 1650 Atkinson Ave,HOME
44505,Subsidized,- 1714 Lansdowne Blvd,HOME
44505,Subsidized,- 1718 Atkinson Ave,HOME
44505,Subsidized,- 1732 Atkinson Ave,HOME
44505,Subsidized,- 1738 Atkinson Ave,HOME
44505,Subsidized,- 1742 Atkinson Ave,HOME
44505,Subsidized,- 1786 Atkinson Ave,HOME
44505,Subsidized,- 1790 Atkinson Ave,HOME
44505,Subsidized,- 336 Emerald St,HOME
44505,Subsidized,- 342 Emerald St,HOME
44506,Subsidized,- 1146 Verona Ave,HOME
44506,Subsidized,- 1152 Verona Ave,HOME
44506,Subsidized,- 1168 Verona Ave,HOME
44506,Subsidized,- 1176 Verona Ave,HOME
44506,Subsidized,- 131 S Forest Ave,HOME
44506,Subsidized,- 1337 Grandview Ave,HOME
44506,Subsidized,- 1344 E High Ave,HOME
44506,Subsidized,- 1349 Grandview Ave,HOME
44506,Subsidized,- 1378 Grandview Ave,HOME
44507,Subsidized,- 135 Willis Ave,HOME
44507,Subsidized,- 183 Hilton Ave,HOME
44507,Subsidized,- 191 Hilton Ave,HOME
44507,Subsidized,- 196 Hilton Ave,HOME
44507,Subsidized,- 201 W Chalmers Ave,HOME
44507,Subsidized,- 205 W Chalmers Ave,HOME
44507,Subsidized,- 235 Hilton Ave,HOME
44507,Subsidized,- 2817 Mary St,HOME
44507,Subsidized,- 36 W Marion Ave,HOME
44507,Subsidized,- 415 E Myrtle Ave,HOME
44507,Subsidized,- 63 W Warren Ave,HOME
44509,Subsidized,- 61 Millet Ave,HOME
44510,Subsidized,- 326 Wirt Blvd,HOME
44510,Subsidized,- 330 Wirt Blvd,HOME
44510,Subsidized,- 523 Broadway St,HOME
44510,Subsidized,- 525 Broadway St,HOME
44510,Subsidized,- 542 Lexington Ave,HOME
44510,Subsidized,- 616 Lexington Ave,HOME
44510,Subsidized,- 761 Fairmont Ave,HOME
44510,Subsidized,- 767 Crandall Ave,HOME
44510,Subsidized,- 835 Crandall Ave,HOME
44510,Subsidized,- 853 Crandall Ave,HOME
44510,Subsidized,- 976 Martin Luther King Jr Blvd,HOME
44510,Subsidized,"VILLAGE AT ARLINGTON, PHASE II - 995 Madison Ave",LIHTC
44511,Subsidized,- 1724 Overland Ave,HOME
44511,Subsidized,- 306 W Chalmers Ave,HOME
44511,Subsidized,- 3311 Idlewood Ave,HOME
44511,Subsidized,- 348 W Warren Ave,HOME
44511,Subsidized,- 353 W Chalmers Ave,HOME
44511,Subsidized,- 363 W Chalmers Ave,HOME
44511,Subsidized,- 398 W Earle Ave,HOME
44511,Subsidized,- 404 W Earle Ave,HOME
44511,Subsidized,- 406 W Chalmers Ave,HOME
44511,Subsidized,- 435 Kenmore Ave,HOME
44511,Subsidized,- 501 Willis Ave,HOME
44511,Subsidized,- 552 W Delason Ave,HOME
44511,Subsidized,- 575 W Myrtle Ave,HOME
44511,Subsidized,- 717 Winona Dr,HOME
44511,Subsidized,- 830 W Indianola Ave,HOME
44512,Subsidized,- 22 Terrace Dr,HOME
44512,Subsidized,- 4102 Helena Ave,HOME
44515,Subsidized,- 53 3rd St,HOME
44601,Subsidized,- 110 W Cambridge St,HOME
44601,Subsidized,- 1305 Elmside St,HOME
44601,Subsidized,- 1306 Elmside St,HOME
44601,Subsidized,- 132 S Seneca Ave,HOME
44601,Subsidized,- 1325 S Liberty Ave,HOME
44601,Subsidized,- 1385 Elmside St,HOME
44601,Subsidized,- 163 E Cambridge St,HOME
44601,Subsidized,- 189 W Oxford St,HOME
44601,Subsidized,- 220 S Union Ave,HOME
44601,Subsidized,- 424 S Liberty Ave,HOME
44601,Subsidized,- 549 S Linden Ave,HOME
44601,Subsidized,- 628 S Seneca Ave,HOME
44601,Subsidized,- 730 E High St,HOME
44601,Subsidized,- 734 S Webb Ave,HOME
44601,Subsidized,- 802 S Linden Ave,HOME
44601,Subsidized,- 828 Smyth Ave,HOME
44632,Subsidized,- Market St,HOME
44646,Subsidized,- 1320 13th St SE,HOME
44646,Subsidized,- 1542 16th St SE,HOME
44654,Subsidized,- 86 N Grant St,HOME
44667,Subsidized,- 210 Orr St,HOME
44667,Subsidized,- 411 Park St,HOME
44667,Subsidized,- 414 S Main St,HOME
44676,Subsidized,- 181 S Market St,HOME
44676,Subsidized,- 191 S Market St,HOME
44685,Subsidized,- 1645 Edison St NW,HOME
44691,Subsidized,- 136 E Bowman St,HOME
44691,Subsidized,- 149 N Walnut St,HOME
44691,Subsidized,- 200 E Bowman St,HOME
44691,Subsidized,- 211 Spink St,HOME
44691,Subsidized,- 217 W Vine St,HOME
44691,Subsidized,- 248 W Henry St,HOME
44691,Subsidized,- 2998 S Elyria Rd,HOME
44691,Subsidized,- 303 S Walnut St,HOME
44691,Subsidized,- 330 E Larwill St,HOME
44691,Subsidized,- 379 Palmer St,HOME
44691,Subsidized,- 423 E Larwill St,HOME
44691,Subsidized,- 452 Spink St,HOME
44691,Subsidized,- 515 College Ave,HOME
44691,Subsidized,- 543 1/2 N Buckeye St,HOME
44691,Subsidized,- 543 N Buckeye St,HOME
44691,Subsidized,- 563 McDonald St,HOME
44691,Subsidized,- 634 N Buckeye St,HOME
44702,Subsidized,- 622 Walnut Ave NE,HOME
44703,Subsidized,- 717 Harriet Ave NW,HOME
44703,Subsidized,- 920 Troy Pl NW,HOME
44704,Subsidized,- 1215 Highland Rd NE,HOME
44704,Subsidized,- 1318 Sandal Pl NE,HOME
44704,Subsidized,- 1401 7th St NE,HOME
44704,Subsidized,- 1612 6th St NE,HOME
44704,Subsidized,- 1849 Bentley Pl NE,HOME
44704,Subsidized,- 403 Rowland Ave NE,HOME
44704,Subsidized,- 406 Gibbs Ave NE,HOME
44704,Subsidized,- 412 Gibbs Ave NE,HOME
44704,Subsidized,- 623 Young Ave NE,HOME
44704,Subsidized,- 627 Young Ave NE,HOME
44704,Subsidized,- 717 Young Ave NE,HOME
44704,Subsidized,- 732 Young Ave NE,HOME
44704,Subsidized,- 818 6th St NE,HOME
44704,Subsidized,- 820 6th St NE,HOME
44704,Subsidized,- 908 9th St NE,HOME
44704,Subsidized,- 914 9th St NE,HOME
44704,Subsidized,- 924 10th St NE,HOME
44705,Subsidized,- 1031 Rowland Ave NE,HOME
44705,Subsidized,- 1423 10th St NE,HOME
44705,Subsidized,- 1431 10th St NE,HOME
44705,Subsidized,- 1434 10th St NE,HOME
44705,Subsidized,- 1441 10th St NE,HOME
44705,Subsidized,- 1441 Nelson Pl NE,HOME
44706,Subsidized,- 1224 Bravado Rd SW,HOME
44706,Subsidized,- 1631 Vienna Rd SW,HOME
44706,Subsidized,- 1632 Vienna Rd SW,HOME
44706,Subsidized,- 1637 Vienna Rd SW,HOME
44706,Subsidized,- 1705 Vienna Rd SW,HOME
44706,Subsidized,- 1706 Vienna Rd SW,HOME
44706,Subsidized,- 1711 Vienna Rd SW,HOME
44706,Subsidized,- 1714 Vienna Rd SW,HOME
44706,Subsidized,- 1719 Vienna Rd SW,HOME
44706,Subsidized,- 1720 Vienna Rd SW,HOME
44706,Subsidized,- 1723 Vienna Rd SW,HOME
44706,Subsidized,- 1729 Vienna Rd SW,HOME
44706,Subsidized,- 4608 Richville Dr SW,HOME
44707,Subsidized,- 1013 Sherrick Rd SE,HOME
44707,Subsidized,- 1017 Sherrick Rd SE,HOME
44707,Subsidized,- 1114 Gonder Ave SE,HOME
44707,Subsidized,- 1964 4th St SE,HOME
44707,Subsidized,- 2019 4th St SE,HOME
44707,Subsidized,- 2023 4th St SE,HOME
44707,Subsidized,- 415 Riley Cir SE,HOME
44707,Subsidized,- 424 Mill St SE,HOME
44714,Subsidized,- 132 48th St NE,HOME
44720,Subsidized,- 5188 Bob O Link St NW,HOME
44805,Subsidized,ASHLAND VILLAGE - 1509 Cottage St,S8PB
44805,Subsidized,Mill Run Place - 1715 Richard Dr,S8PB
44805,Subsidized,GOOD SHEPHERD VILLA - 726 Center St,S8PB
44805,Subsidized,MARTIN HOUSE - 625 Center St,S8PB
44805,Subsidized,FAIRVIEW WEST - 1203 Winthrop Ln,LIHTC
44805,Subsidized,Ashland Essex House - 1 E Main St,LIHTC
44805,Subsidized,Lincoln Terrace Apartments - 1126 E Main St,LIHTC
44805,Subsidized,ASHLAND CO. COUN ON AGING - N - B - 96 - 820 - 1 - 213 Main St,HOME
44807,Subsidized,ATTICA TERRACE APARTMENTS - 201 N Woodwind Dr,RHS
44807,Subsidized,ATTICA TERRACE - Seneca & Nwoodwind Drs,LIHTC
44811,Subsidized,SIR FREDERICK APARTMENTS - 975 Monroe St,LIHTC
44811,Subsidized,Bellevue Rotary Commons - 259 Northwest St,S8PB
44811,Subsidized,BELLEVUE MANOR APARTMENTS PHASE I - 101 Thomas Dr,LIHTC
44811,Subsidized,BRYN MAWR II* - 121 Thomas Dr,RHS
44813,Subsidized,VILLAGE VIEW APT* - 375 Main St,RHS
44820,Subsidized,BILMAR APARTMENTS - 220 S Walnut St,S8PB
44820,Subsidized,LARNO APARTMENTS - 300 E Warren St,S8PB
44820,Subsidized,BUCYRUS PLAZA* - 77 Bucyrus Plz,S8PB
44820,Subsidized,Kettle Run - 1780 Whetstone St,S8PB
44820,Subsidized,Colonel Properties Incorporated - 1735 Marion Rd,S8PB
44820,Subsidized,FAETH RENTALS - 256 Nauman St,LIHTC
44820,Subsidized,MALOY APARTMENTS - 268 Nauman St,LIHTC
44820,Subsidized,H AND G RENTALS - 210 Hayes St,LIHTC
44820,Subsidized,INDIAN CREEK APARTMENTS - 1779 Whetstone St,RHS
44820,Subsidized,BUCYRUS MANOR - 1624 Marion Rd,RHS
44820,Subsidized,Ridgewood Villas* - 1065 E Beal Ave,LIHTC
44820,Subsidized,RIDGEWOOD SENIOR VILLAS - 824 Maple St,PUBLIC
44827,Subsidized,CRESTLINE MANOR II* - 295 W Bucyrus St,S8PB
44827,Subsidized,CRESTLINE MANOR APARTMENTS* - 295 W Bucyrus St,S8PB
44827,Subsidized,CRESTLINE NORTH - 101 E Thrush Ave,S8PB
44827,Subsidized,CRESTWOOD VILLA - 110 Bauer Ct,S8PB
44827,Subsidized,APPLEWOOD APARTMENTS - 210 Bauer Ave,LIHTC
44827,Subsidized,FAITH COMMUNITY SENIOR HOUSING* - 1000 Dove Ln,LIHTC
44827,Subsidized,WESLEY YARD - 890 Doris Dr,LIHTC
44827,Subsidized,CRESTLINE MANOR - Columbus And Bucyrus,FHA
44827,Subsidized,CRESTLINE MANOR Apartments - Columbus + Union,FHA
44827,Subsidized,- 1000 Doris Dr,HOME
44827,Subsidized,- 1165 Doris Dr,HOME
44827,Subsidized,- 922 Micks Pl,HOME
44830,Subsidized,WESLEY VILLAGE - 608 Stinchcomb Dr,RHS
44830,Subsidized,Wesley Commons - 754 Stinchcomb Dr,LIHTC
44830,Subsidized,ECO VILLAGE - 1200 Peeler Dr,S8PB
44830,Subsidized,Good Shepherd Housing - 720 Chesapeake Ct,S8PB
44830,Subsidized,FOSTORIA TOWNHOUSES - 1207 Beier Dr,S8PB
44830,Subsidized,SENECA COUNTY APARTMENTS - 1021 Dillon Rd,LIHTC
44830,Subsidized,Quail Meadow - Stearns Rd,LIHTC
44830,Subsidized,Dillon Crossing - 819 Davoli St,LIHTC
44830,Subsidized,FOSTORIA GREEN - 1067 Carrie Ln,S8PB
44830,Subsidized,- 595 Stearns Rd,HOME
44830,Subsidized,- Dillon Crossing,HOME
44833,Subsidized,GALION ARMS - 585 Galion Arms Ct,S8PB
44833,Subsidized,GALION EAST - 1300 Harding Way E,S8PB
44833,Subsidized,WYANDOT SQUARE APARTMENTS - 430 Libby Ln,S8PB
44833,Subsidized,CRAWFORD MANOR APARTMENTS* - 331 6th Ave,RHS
44833,Subsidized,Central Hotel Senior Apartments - 10 Public Sq,LIHTC
44833,Subsidized,MOCCASIN RUN - 390 8th Ave,RHS
44833,Subsidized,- 302 S Union St,HOME
44833,Subsidized,- 425 S Union St,HOME
44837,Subsidized,SETTLER MILLS APARTMENTS - 8 Senior Dr,LIHTC
44837,Subsidized,- 33 1/2 E Main St,HOME
44839,Subsidized,ERIE VILLAGE - 221 Rye Beach Rd,S8PB
44839,Subsidized,VILLA ON THE LAKE - Rye Beach Rd,LIHTC
44839,Subsidized,HURON RESIDENCES - 512 Berlin Rd,LIHTC
44842,Subsidized,LOUDON BLUFFS - 803 S Mount Vernon Ave,S8PB
44842,Subsidized,WOODWIND APARTMENTS - 724 E Campbell St,LIHTC
44842,Subsidized,LOCKWOOD STATION - 506 Kettering Dr,RHS
44842,Subsidized,LOCKWOOD GREENE - 510 Kettering Dr,PUBLIC
44847,Subsidized,- 381 Monroe St,HOME
44851,Subsidized,LONDON TOWN APARTMENTS - 125 Pearl St,RHS
44857,Subsidized,LUTHER OAKS APARTMENTS* - 36 Executive Dr,S8PB
44857,Subsidized,NORWALK NORTH* - 25 Bouscay Ave,S8PB
44857,Subsidized,FAMILY INITIATIVE - 74 Executive Dr,S8PB
44857,Subsidized,HOMESTEAD VILLA II - 41 E Washington St,LIHTC
44857,Subsidized,PARKSIDE PLACE - 408 Old State Rd S,LIHTC
44857,Subsidized,WILLARD AVE APARTMENTS - 31 W Willard Ave,LIHTC
44857,Subsidized,Homestead Estates Apartments* - 55 Northwest St,RHS
44857,Subsidized,MAPLE GROVE MANOR - 190 Benedict Ave,LIHTC
44857,Subsidized,Norwalk Senior Community - Us Route 250 And Stower Ln,LIHTC
44857,Subsidized,Massillon Homes II - Bennett Lane,LIHTC
44857,Subsidized,Norwalk Senior Community II - 11 Bennett Ln,LIHTC
44857,Subsidized,- 26 Summit St,HOME
44864,Subsidized,ARLENE APARTMENTS - 170 E 2nd St,LIHTC
44865,Subsidized,PLYMOUTH VILLA APARTMENTS - 135 Park Ave,RHS
44870,Subsidized,COMMUNITY PLAZA - 1211 McKinley St,S8PB
44870,Subsidized,SUNNYSIDE ACRES - 1440 Judy Ln,S8PB
44870,Subsidized,SANDUSKY VOA LIVING CENTER - 811 Woodlawn Ave,S8PB
44870,Subsidized,VIEWPOINT* - 215 E Shoreline Dr,S8PB
44870,Subsidized,MILAN ROAD APARTMENTS - 2400 Milan Rd,S8PB
44870,Subsidized,Echo Duplexes - 511 Carroll Ave,S8PB
44870,Subsidized,Northwest Ohio VOA Living Center - 2028 Foxborough Cir,S8PB
44870,Subsidized,HARBORVIEW* - 115 Franklin St,S8PB
44870,Subsidized,SANDUSKY APARTMENTS* - 509 Landsrush St,LIHTC
44870,Subsidized,BAY SHORE TOWERS - 128 Perry St,PUBLIC
44870,Subsidized,ERIE ESTATES - 514 Dewey St,PUBLIC
44870,Subsidized,- 2718 N Bayview Ln,HOME
44870,Subsidized,- 3605 South Ave,HOME
44870,Subsidized,- 4908 Lisbon Cir,HOME
44875,Subsidized,SMILEY GARDEN APARTMENTS - 69 E Smiley Ave,S8PB
44875,Subsidized,MYER MEADOWS - 90 N 3rd St,LIHTC
44875,Subsidized,Meadow Estates Apartments* - 100 N 3rd St,LIHTC
44875,Subsidized,PARK VLG 2 APT* - 65 Park Vlg,RHS
44875,Subsidized,MEADOW ESTATES II* - 93 N 3rd St,LIHTC
44882,Subsidized,Essex Place North - 210 S Sycamore Ave,LIHTC
44883,Subsidized,KIWANIS MANOR - 7 W Market St,S8PB
44883,Subsidized,CHARLES MEADOW - 545 W Market St,S8PB
44883,Subsidized,HELBURN MEADOWS - 7 Beechwood Dr,S8PB
44883,Subsidized,RIVERBEND II APARTMENTS - 192 E Market St,LIHTC
44883,Subsidized,TALL TREES APARTMENTS* - 849 N Water St,LIHTC
44883,Subsidized,Goldbond Building - 154 S Washington St,LIHTC
44883,Subsidized,Coventry House - 652 N Sandusky St,LIHTC
44883,Subsidized,Devon House - 843 N Water St,LIHTC
44883,Subsidized,TREMONT GREENE - 145 Dallas St,PUBLIC
44883,Subsidized,WILLOW CREEK VILLAGE* - 575 E State Route 18,S8PB
44883,Subsidized,SENECA CNTY COMM.ON AGING - N - B - 02 - 848 - 2 - Devon House,HOME
44883,Subsidized,"W.S.O.S. CAC , INC. - N - B - 02 - 528 - 2 - Tremont Greene",HOME
44883,Subsidized,Fairway Crossing - Dallas St,LIHTC
44883,Subsidized,Tiffin West Apartments - 1740 W Market St,LIHTC
44883,Subsidized,Tremont Greene - 153 Dallas St,LIHTC
44883,Subsidized,COVENTRY HOUSE - 653 N Sandusky St,PUBLIC
44890,Subsidized,MAIN STREET VILLA - 401 N Main St,LIHTC
44890,Subsidized,PLEASANT VILLA - 524 Pleasant St,LIHTC
44890,Subsidized,THORNTON PROPERTIES - 604 Pleasant St,LIHTC
44890,Subsidized,B AND B RENTALS - 107 1st St,LIHTC
44890,Subsidized,EDEN APARTMENTS - 101 1st St,LIHTC
44890,Subsidized,MAUDSLEY RENTALS - 115 E Pearl St,LIHTC
44890,Subsidized,STUDER APARTMENTS - 114 Front St,LIHTC
44890,Subsidized,B AND G RENTALS - 507 W Sandusky St,LIHTC
44890,Subsidized,FRONT STREET - 108 Front St,LIHTC
44890,Subsidized,MAIN STREET - 421 N Main St,LIHTC
44890,Subsidized,METCALFE RENTALS - 439 N Main St,LIHTC
44890,Subsidized,B AND S RENTALS - 537 W Sandusky St,LIHTC
44890,Subsidized,BEEBE RENTAL - 519 W Sandusky St,LIHTC
44890,Subsidized,P B AND G RENTALS - 525 W Sandusky St,LIHTC
44890,Subsidized,THOMPSONS RENTALS - 513 W Sandusky St,LIHTC
44890,Subsidized,W AND J RENTALS - 531 W Sandusky St,LIHTC
44890,Subsidized,HURON MANOR - 1000 Maplewood St,LIHTC
44890,Subsidized,WILLARD VILLA APARTMENTS - 206 Rae Ct,RHS
44902,Subsidized,WEST PARK SENIOR CENTER - 27 W 2nd St,S8PB
44902,Subsidized,VOEGELE BUILDING - 211 N Main St,LIHTC
44902,Subsidized,Mansfield Homes Iv - 195 Hedges St,LIHTC
44902,Subsidized,- 141 N Walnut St,HOME
44902,Subsidized,- 111 Hedges St,HOME
44902,Subsidized,- 113 S Adams St,HOME
44902,Subsidized,- 118 S Foster St,HOME
44902,Subsidized,- 133 S Foster St,HOME
44902,Subsidized,- 167 W 2nd St,HOME
44902,Subsidized,- 179 E 2nd St,HOME
44902,Subsidized,- 199 N Main St,HOME
44902,Subsidized,- 202 Educational Pl,HOME
44902,Subsidized,- 219 E 2nd St,HOME
44902,Subsidized,- 254 Superior Ave,HOME
44902,Subsidized,- 378 Home Ave,HOME
44902,Subsidized,- 475 N Mulberry St,HOME
44902,Subsidized,- 96 E 2nd St,HOME
44903,Subsidized,NEW HAVEN PHASE I - 750 Burns St,S8PB
44903,Subsidized,MANSFIELD MEMORIAL HOMES APARTMENTS - 10 Blymyer Ave,S8PB
44903,Subsidized,ROBERT STURGES MEMORIAL HOMES - 55 Wood St,S8PB
44903,Subsidized,BLYMER APARTMENTS - 90 Blymyer Ave,LIHTC
44903,Subsidized,ALTMAN HTS. QUADRIHOME # 2 - 976 Neil Cir N,LIHTC
44903,Subsidized,Mansfield Homes I - 324 Bowman St,LIHTC
44903,Subsidized,Mansfield Homes II - 779 King St,LIHTC
44903,Subsidized,Cedar Woods Apartments - 478 E Cook Rd,LIHTC
44903,Subsidized,Mansfield Homes III - 629 King St,LIHTC
44903,Subsidized,Mansfield Homes Vi - 116 Boughton Ave,LIHTC
44903,Subsidized,Mansfield Homes V - 638 Sackman St,LIHTC
44903,Subsidized,Mcpherson Woods - 879 McPherson St,LIHTC
44903,Subsidized,- 144 Buckingham Ave,HOME
44903,Subsidized,- 149 W 4th St,HOME
44903,Subsidized,- 157 Buckingham Ave,HOME
44903,Subsidized,- 191 Bowman St,HOME
44903,Subsidized,- 279 Bulkley Ave,HOME
44903,Subsidized,- 281 W 5th St,HOME
44903,Subsidized,- 283 W 5th St,HOME
44903,Subsidized,- 445 Daisy St,HOME
44903,Subsidized,- 493 Lida St,HOME
44903,Subsidized,- 504 Louise Ave,HOME
44903,Subsidized,- 507 Daisy St,HOME
44903,Subsidized,- 580 Reed St,HOME
44903,Subsidized,- 592 Sackman St,HOME
44903,Subsidized,- 600 Sackman St,HOME
44903,Subsidized,- 605 Grant St,HOME
44903,Subsidized,- 612 Burns St,HOME
44903,Subsidized,- 642 Sackman St,HOME
44903,Subsidized,- 651 Sackman St,HOME
44904,Subsidized,MANSFIELD VOA INDEPENDENT HOUSING - 780 Straub Rd W,S8PB
44904,Subsidized,MORCHESTER VILLA - 1825 Middle Bellville Rd,S8PB
44904,Subsidized,FOX HOLLOW APARTMENTS - 291 Lakewood Dr,RHS
44904,Subsidized,VILLAGE GREEN Apartments - 201 W Main St,RHS
44904,Subsidized,Oak Wood Apartments - 289 Castor Rd,LIHTC
44905,Subsidized,Richland Manor - 470 Annadale Ave,S8PB
44905,Subsidized,MADISON TERRACE - 490 Parry Ave,S8PB
44905,Subsidized,Ontario Village Apartments* - 2 Smith Ave,LIHTC
44905,Subsidized,- 423 5th Ave,HOME
44905,Subsidized,- 527 Central Ave,HOME
44906,Subsidized,THE HOMESTEAD PLACE - 1470 Maxwell Dr,S8PB
44906,Subsidized,LANDINGS AT WALKER LAKE - 917 Landings Ct,LIHTC
44906,Subsidized,Park Meadows - 3560 Park Ave W,LIHTC
44906,Subsidized,- 815 Park Ave W,HOME
44907,Subsidized,LOGAN PLACE - 800 Logan Rd,S8PB
44907,Subsidized,Applewood Place - 1665 Executive Ct,S8PB
44907,Subsidized,The Woods - 944 Woodville Rd,S8PB
44907,Subsidized,MANSFIELD MANOR - 260 E Cook Rd,S8PB
44907,Subsidized,APPLEWOOD PLACE APARTMENTS II - 1608 Executive Ct,S8PB
44907,Subsidized,FRIENDSHIP MANOR - 961 S Main St,S8PB
44907,Subsidized,Malabar Trace Apartments II* - 100 E Cook Rd,LIHTC
44907,Subsidized,- 136 Sunnyslope Dr,HOME
45011,Subsidized,- 1019 S 2nd St,HOME
45011,Subsidized,- 1036 S 2nd St,HOME
45011,Subsidized,- 1169 Kahn Ave,HOME
45011,Subsidized,- 1800 Princeton Rd,HOME
45011,Subsidized,- 522 East Ave,HOME
45011,Subsidized,- 701 S 9th St,HOME
45011,Subsidized,- 735 Campbell Ave,HOME
45011,Subsidized,BEACON POINTE TOWN HOMES - 60 Hanover Dr,LIHTC
45011,Subsidized,Beacon Pointe Mixed Finance - 919 Front St,PUBLIC
45013,Subsidized,- 1226 Gilday Ct,HOME
45013,Subsidized,- 1274 Gilday Ct,HOME
45013,Subsidized,- 1550 NW Washington Blvd,HOME
45013,Subsidized,- 214 Rhea Ave,HOME
45013,Subsidized,- 28 Thornhill Dr,HOME
45013,Subsidized,- 405 Millikin St,HOME
45013,Subsidized,- 85 Flamingo Dr,HOME
45013,Subsidized,- 945 Richwood Ave,HOME
45015,Subsidized,- 840 Hoadley Ave,HOME
45042,Subsidized,- 23 Donham Plz,HOME
45056,Subsidized,- 103 Melanee Dr,HOME
45056,Subsidized,- 1578 State Line Rd,HOME
45067,Subsidized,- 110 N 2nd St,HOME
45067,Subsidized,- 142 Clara Dr,HOME
45067,Subsidized,- 5 Jupiter Ct,HOME
45067,Subsidized,- 96 Oak Ave,HOME
45103,Subsidized,DIMMITT WOODS - 611 College Dr,LIHTC
45121,Subsidized,- 100 E State St,HOME
45123,Subsidized,MIRABEAU TERRACE APARTMENTS - 155 Mirabeau St,RHS
45157,Subsidized,- 106 River Valley Blvd,HOME
45202,Subsidized,ANNA LOUISE INN - 2401 Reading Rd,S8PB
45202,Subsidized,- 10 Antique St,HOME
45202,Subsidized,- 1222 Race St,HOME
45202,Subsidized,- 1223 Republic St,HOME
45202,Subsidized,- 13 W McMicken Ave,HOME
45202,Subsidized,- 1307 Yukon St,HOME
45202,Subsidized,- 133 E Clifton Ave,HOME
45202,Subsidized,- 1616 Race St,HOME
45202,Subsidized,- 211 Woodward St,HOME
45202,Subsidized,- 219 Odeon St,HOME
45202,Subsidized,- 418 E 12th St,HOME
45202,Subsidized,- 43 Mulberry St,HOME
45202,Subsidized,- 45 E McMicken Ave,HOME
45202,Subsidized,- 78 Mulberry St,HOME
45202,Subsidized,- 82 Mulberry St,HOME
45203,Subsidized,- 713 Chestnut St,HOME
45203,Subsidized,- 714 Chestnut St,HOME
45203,Subsidized,- 722 Hopkins St,HOME
45203,Subsidized,- 767 Clark St,HOME
45203,Subsidized,- 769 Clark St,HOME
45204,Subsidized,- 2133 Saint Michael St,HOME
45204,Subsidized,- 2151 Hatmaker St,HOME
45204,Subsidized,- 634 Neave St,HOME
45204,Subsidized,- 700 Neave St,HOME
45204,Subsidized,- 724 State Ave,HOME
45204,Subsidized,- 726 State Ave,HOME
45205,Subsidized,- 1259 Rutledge Ave,HOME
45205,Subsidized,- 3412 Osage Ave,HOME
45206,Subsidized,- 1118 Chapel St,HOME
45206,Subsidized,- 2634 Stanton Ave,HOME
45206,Subsidized,- 2663 Gilbert Ave,HOME
45206,Subsidized,- 2702 May St,HOME
45207,Subsidized,- 1734 Fairfax Ave,HOME
45207,Subsidized,- 3326 Woodburn Ave,HOME
45211,Subsidized,- 3080 McHenry Ave,HOME
45214,Subsidized,- 1018 York St,HOME
45214,Subsidized,- 719 Derrick Turnbow Ave,HOME
45215,Subsidized,- 9842 Leggett St,HOME
45217,Subsidized,ALSTON PARK - 313 Glenwood Ave,LIHTC
45219,Subsidized,- 2200 Vine St,HOME
45219,Subsidized,- 2258 Vine St,HOME
45219,Subsidized,- 274 Dorchester Ave,HOME
45223,Subsidized,- 1814 Dreman Ave,HOME
45223,Subsidized,- 1817 Elmore St,HOME
45224,Subsidized,CATHERINE BOOTH RESIDENCE - 6381 Center Hill Ave,S8PB
45224,Subsidized,- 1910 Savannah Way,HOME
45229,Subsidized,- 3460 Reading Rd,HOME
45229,Subsidized,- 3572 Van Antwerp Pl,HOME
45229,Subsidized,- 782 Clinton Springs Ave,HOME
45230,Subsidized,- 1954 Rockland Ave,HOME
45232,Subsidized,- 5415 Wintonview Pl,HOME
45305,Subsidized,SUGARCREEK VILLAGE APARTMENTS - 4600 Bayberry Cv,LIHTC
45305,Subsidized,CEDAR TRAIL APARTMENTS - 1832 Surrey Trl,LIHTC
45309,Subsidized,Brook Court* - 700 Pleasant Ct,S8PB
45309,Subsidized,BROOK RIDGE Apartments - 50 Ridge Rd,RHS
45311,Subsidized,CAMDEN WAY I* - 140 N Liberty St,S8PB
45311,Subsidized,CAMDEN WAY II - 201 N Lafayette St,S8PB
45311,Subsidized,Camden Commons - 110 W Central Ave,LIHTC
45311,Subsidized,- 1516 Somers Gratis Rd,HOME
45314,Subsidized,CEDAR CLIFF ELDERLY - 1 Lyndon Ct,S8PB
45315,Subsidized,RANDOLPH TOWNSHIP HOMES - 6266 Union Rd,LIHTC
45315,Subsidized,FY93 EASTWAY PROJECT - 5441 Westbrook Rd,HOME
45318,Subsidized,GREENVILLE VILLAGE - 7 Julie Ct,S8PB
45320,Subsidized,VILLAGE SOUTH - 111 Village Dr S,S8PB
45320,Subsidized,Mapleview Apartments - 301 Eaton Lewisburg Rd,S8PB
45320,Subsidized,PREBLEWAY II - 729 E High St,S8PB
45320,Subsidized,PREBLEWAY I - 162 Eaton Lewisburg Rd,S8PB
45320,Subsidized,PRESTWICK SQUARE OF EATON - 910 S Barron St,LIHTC
45320,Subsidized,Eagles Nest - 500 South St,LIHTC
45320,Subsidized,WOODVIEW COMMON APT* - 347 Eaton Lewisburg Rd,RHS
45320,Subsidized,Eaton Senior Village - 101 Hampshire Dr,LIHTC
45320,Subsidized,- 202 E Decatur St,HOME
45320,Subsidized,- 212 Deem St,HOME
45322,Subsidized,ENGLEWOOD VILLAGE - 1000 Taywood Rd,S8PB
45322,Subsidized,New Englewood Square* - 150 Chris Dr,S8PB
45322,Subsidized,THE MEADOWS OF MARTINDALE* - 226 W Martindale Rd,RHS
45322,Subsidized,GATEWAY VILLAGE - 1208 Union Blvd,LIHTC
45324,Subsidized,FAIRBORN APARTMENTS - 300 June Dr,S8PB
45324,Subsidized,LANDMARK VILLAGE* - 264 Landmark Ct,S8PB
45324,Subsidized,EVERGREEN PARK APARTMENTS - 2401 Roseanne Ct,LIHTC
45324,Subsidized,WILHELM RENTALS - 311 Wallace Dr,LIHTC
45324,Subsidized,PEPPERTREE VILLAS PHASE II - 1450 Spicetree Cir,LIHTC
45324,Subsidized,PEPPERTREE VILLAS - 1458 Spicetree Cir,LIHTC
45324,Subsidized,Fairborn Senior Apartments - 221 N Central Ave,LIHTC
45324,Subsidized,CULLEN HOMES - 1603 Charterwoods Cir,HOME
45324,Subsidized,Fairborn - 801 Cold Springs Ct,PUBLIC
45327,Subsidized,Third Mental Retardation House - 4499 Lutheran Church Rd,S8PB
45327,Subsidized,WINDCLIFF VILLAGE - 1142 E Market St,LIHTC
45327,Subsidized,WINDCLIFF VILLAGE - 4 Windcliff Dr,HOME
45327,Subsidized,- Market St,HOME
45331,Subsidized,TREATY CITY MANOR - 650 Wagner Ave,S8PB
45331,Subsidized,SURREY LANE APARTMENTS* - 100 Oxford Dr,LIHTC
45331,Subsidized,HUNTERS OAK APARTMENTS* - 1199 E Russ Rd,FHA
45331,Subsidized,Greenville Manor - 1350 Benden Way,LIHTC
45331,Subsidized,WAYNE CROSSING APARTMENTS* - 888 E Russ Rd,RHS
45331,Subsidized,FOX RUN - 1230 Adrien Ave,LIHTC
45334,Subsidized,BLOSSOM VILLAGE APARTMENTS - 111 Red Bud Dr,LIHTC
45335,Subsidized,JAMESTOWN PLACE - 76 W Washington St,S8PB
45335,Subsidized,JAMESTOWN PLACE - 78 W Washington St,RHS
45338,Subsidized,New Manorview* - 525 W Cumberland St,S8PB
45341,Subsidized,LAYNECREST MANOR APARTMENTS - 11700 Gerlaugh Rd,LIHTC
45341,Subsidized,LAYNECREST MANOR - 11798 Gerlaugh Rd,RHS
45341,Subsidized,CF OF CLARK CO Apartments - 424 Sycamore Rd,RHS
45342,Subsidized,OHIO TEAMSTERS VILLAGE - 2525 Cross Village Dr,S8PB
45342,Subsidized,MIAMISBURG MANOR* - 15 W Ferry St,S8PB
45342,Subsidized,SPRING VALLEY APARTMENTS AKA EASTCARE III - 2614 Spring Valley Rd,S8PB
45342,Subsidized,SOUTHLAND VILLAGE* - 1019 Orchard Hill Dr,S8PB
45342,Subsidized,FOUNTAIN ABBY - 414 N 4th St,LIHTC
45342,Subsidized,HIATT PROPERTIES - 117 S Main St,LIHTC
45342,Subsidized,SPRINGBORO GREEN - 2941 Taos Dr,LIHTC
45342,Subsidized,CLUB AT SPRING VALLEY - 3091 Sagebrook Dr,LIHTC
45342,Subsidized,BYERS PLACE APARTMENTS - Byers & Benner Rd,LIHTC
45342,Subsidized,Club at Spring Valley - 9453 Eastbrook Dr,LIHTC
45342,Subsidized,LYONS GATE APARTMENTS HOMES - 8341 Lyons Gate Way,LIHTC
45342,Subsidized,- 1540 Belvo Rd,HOME
45344,Subsidized,BRUEBAKER SQUARE LTD - 200 Brubaker Dr,LIHTC
45344,Subsidized,Lake Avenue Retirement Village - Lake Ave And Scarff Rd,LIHTC
45344,Subsidized,- 1218 W Lake Ave,HOME
45347,Subsidized,NEW PARIS APARTMENTS - 33 Sauer Dr,S8PB
45347,Subsidized,- 123 A Washington St,HOME
45347,Subsidized,- 123 B Washington St,HOME
45356,Subsidized,SUNSET SQUARE - 1851 W Grant St,S8PB
45356,Subsidized,PIQUA VILLAGE APARTMENTS - 1349 Covington Ave,S8PB
45356,Subsidized,ROOSEVELT MANOR* - 500 S Roosevelt Ave,S8PB
45356,Subsidized,BENT TREE APARTMENTS - 1230 Garbry Rd,LIHTC
45356,Subsidized,Piqua Senior Apartments - 316 N College St,LIHTC
45356,Subsidized,Piqua Village Apartments - 1343 Covington Ave,LIHTC
45356,Subsidized,- 105 1/2 S Roosevelt Ave,HOME
45356,Subsidized,- 105 S Roosevelt Ave,HOME
45356,Subsidized,- 295 E Ash St,HOME
45356,Subsidized,- 531 N Main St,HOME
45356,Subsidized,- 8655 Fairview Rd,HOME
45365,Subsidized,MYSTIC APARTMENTS - 1529 E Court St,S8PB
45365,Subsidized,BUCKEYE AVENUE - 936 Buckeye Ave,LIHTC
45365,Subsidized,NORTHSIDE COMMONS - 316 W Russell Rd,LIHTC
45365,Subsidized,AUTUMN PARK RETIREMENT - 363 W Russell Rd,LIHTC
45365,Subsidized,OLDHAM TOWERS - 121 W Poplar St,LIHTC
45365,Subsidized,SIDNEY VILLAGE - 935 Buckeye Ave,LIHTC
45365,Subsidized,BUCKEYE COMM HOPE FDTN - 999 Buckeye Ave,HOME
45365,Subsidized,CEDARWOOD COMMONS - 220 Doorley Rd,RHS
45365,Subsidized,HILLTOP MAN / PARKSIDE VILL - 333 E North St,PUBLIC
45365,Subsidized,Countryside Commons - 834 Country Side Ln,LIHTC
45365,Subsidized,Sycamore Creek Apartments - 744 Country Side Ln,LIHTC
45368,Subsidized,New Charleston Court* - 101 E Columbus Rd,S8PB
45368,Subsidized,BERSCHET APARTMENTS - 400 Sunset Ct,LIHTC
45371,Subsidized,Collins Rd Properties dba LIBERTY COMMONS* - 101 Rohrer Dr,S8PB
45371,Subsidized,WIND RIDGE APARTMENTS - 599 Wind Ridge Pl,LIHTC
45371,Subsidized,CARRIAGE TRAILS SENIOR VILLAGE - 1000 Waterside Cir,LIHTC
45371,Subsidized,- 438 N 4th St,HOME
45373,Subsidized,Terrace Ridge* - 1312 McKaig Ave,S8PB
45373,Subsidized,GARDEN MANOR APARTMENTS* - 505 Crescent Dr,S8PB
45373,Subsidized,"NEW STAUNTON COMMONS, LTD* - 555 Staunton Commons Dr",S8PB
45373,Subsidized,STAUNTON COMMONS II* - 500 Staunton Commons Dr,S8PB
45373,Subsidized,BUCKEYE COMMUNITY APARTMENTS - 580 Staunton Commons Dr,LIHTC
45373,Subsidized,TRADITIONS - 701 S Stanfield Rd,LIHTC
45373,Subsidized,FLORAL VIEW - 1 W Franklin St,PUBLIC
45373,Subsidized,- 108 S Monroe St,HOME
45373,Subsidized,- 1115 S Crawford St,HOME
45373,Subsidized,- 215 E Canal St,HOME
45373,Subsidized,- 219 E Canal St,HOME
45373,Subsidized,- 22 N Cedar St,HOME
45373,Subsidized,- 304 S Cherry St,HOME
45373,Subsidized,- 316 S Walnut St,HOME
45373,Subsidized,- 340 Mumford Dr,HOME
45373,Subsidized,- 350 Mumford Dr,HOME
45373,Subsidized,- 434 Lake St,HOME
45373,Subsidized,- 802 E Canal St,HOME
45377,Subsidized,VANDALIA APARTMENTS - 38 E Alkaline Springs Rd,S8PB
45377,Subsidized,Vandalia Associates - 860 S Dixie Dr,LIHTC
45377,Subsidized,Timberlake Apartments - Paddock Rd,LIHTC
45377,Subsidized,- 142 Imperial Ct,HOME
45378,Subsidized,- 121 Harrison St,HOME
45380,Subsidized,BIRCHWOOD GARDENS APARTMENTS* - 565 Franklin St,S8PB
45380,Subsidized,FLEUR - DE - LIS COURT* - 110 Marker Rd,S8PB
45381,Subsidized,West Alex Village - 20 Elm St,S8PB
45383,Subsidized,PRINCETON VILLAGE* - 68 Bevonne Ct,S8PB
45383,Subsidized,NEW FOREST PARK LTD* - 1140 Sanlor Ave,S8PB
45383,Subsidized,MCKINLEY COMMONS APARTMENTS* - 240 S Main St,RHS
45385,Subsidized,WALTER G. SELLERS SENIOR APARTMENTS* - 270 Mount Vernon Dr,S8PB
45385,Subsidized,BRANDYWINE PLACE - 520 Brandywine Dr,S8PB
45385,Subsidized,Kinsey Greene - 1554 Greene Lake Dr,S8PB
45385,Subsidized,JOHN SALE MANOR - 119 W 2nd St,S8PB
45385,Subsidized,XENIA TOWERS - 282 Xenia Towne Sq,S8PB
45385,Subsidized,WISE MANOR - 1362 Colorado Dr,LIHTC
45385,Subsidized,Wright Cycle Senior Apartments - 2224 High Wheel Dr,LIHTC
45385,Subsidized,Xenia / Beavercreek - 147 N Detroit St,PUBLIC
45387,Subsidized,Yellow Springs / Cedarville - 1 Lawson Pl,PUBLIC
45390,Subsidized,KNOLLWOOD COMMONS* - 413 N Division St,S8PB
45390,Subsidized,PEPPERMINT VILLAGE* - 118 E Spearmint St,S8PB
45390,Subsidized,SPEARMINT II APARTMENTS - 100 Birch Ct,RHS
45402,Subsidized,"Biltmore Towers , The* - 210 N Main St",S8PB
45402,Subsidized,ENON PLAZA - 1465 W 3rd St,S8PB
45402,Subsidized,Holt Manor - 403 Holt St,S8PB
45402,Subsidized,GEORGETOWN VILLAGE - 2 Kosmo Dr,S8PB
45402,Subsidized,JOSHUA MANOR OF DAYTON - 1435 W 3rd St,S8PB
45402,Subsidized,Holden House Apartments - 211 S Wilkinson St,S8PB
45402,Subsidized,WESTERN MANOR* - 1718 N James H McGee Blvd,S8PB
45402,Subsidized,GLENDALE 13 - 1301 Glendale Ave,LIHTC
45402,Subsidized,WHATLEY RENTAL - 1111 Rosedale Dr,LIHTC
45402,Subsidized,DAYTON YWCA - 141 W 3rd St,LIHTC
45402,Subsidized,Ecumenical Homes I - 333 Mercer Ave,LIHTC
45402,Subsidized,City Forest of Dayton - 1353 W 1st St,LIHTC
45402,Subsidized,WESTDALE - 108 Melba St,PUBLIC
45402,Subsidized,WILKINSON PLAZA - 126 W 5th St,PUBLIC
45402,Subsidized,Senior Village at Dayton View* - 427 Middle St,LIHTC
45402,Subsidized,HOMESTART IV - 1600 Miami Valley Tower,LIHTC
45402,Subsidized,HOMESTART VI - Scattered Sites,LIHTC
45402,Subsidized,Opportunity House - 605 S Patterson Blvd,LIHTC
45402,Subsidized,Dayton View Commons ( salem ) - 802 N Broadway St,LIHTC
45402,Subsidized,- 10 Fitch St,HOME
45402,Subsidized,- 100 Audubon Park,HOME
45402,Subsidized,- 11 N Williams St,HOME
45402,Subsidized,- 1556 W 2nd St,HOME
45402,Subsidized,- 1559 W 2nd St,HOME
45402,Subsidized,- 1560 W 1st St,HOME
45402,Subsidized,- 1600 W 1st St,HOME
45402,Subsidized,- 207 Edgewood Ave,HOME
45402,Subsidized,- 225 S Conover St,HOME
45402,Subsidized,- 245 Audubon Park,HOME
45402,Subsidized,- 328 Edison St,HOME
45402,Subsidized,- 40 W 4th St,HOME
45402,Subsidized,- 421 Middle St,HOME
45402,Subsidized,- 521 Negley Pl,HOME
45402,Subsidized,- 717 Meredith St,HOME
45402,Subsidized,- Washington Square,HOME
45402,Subsidized,Germantown Village - 480 S Broadway St,PUBLIC
45403,Subsidized,Boltin Apartments - 162 Boltin St,S8PB
45403,Subsidized,Anthony Arms - 1903 E 3rd St,S8PB
45403,Subsidized,MCCLURE APARTMENTS - 6 McClure St,LIHTC
45403,Subsidized,ST. MARY DEVELOPMENT CORP - N - B - 98 - 842 - 1* - 100 Huffman Ave,LIHTC
45403,Subsidized,Washington Square Homes - 2106 E 4th St,LIHTC
45403,Subsidized,- 2900 E 1st St,HOME
45403,Subsidized,- 2906 E 1st St,HOME
45403,Subsidized,ROOSEVELT HOMES - 2160 E 5th St,LIHTC
45404,Subsidized,North Lake Hills Coop I - 3713 Southshore Dr,S8PB
45404,Subsidized,North Lake Hills COOP II - 3786 Lakebend Dr,S8PB
45404,Subsidized,Riverside Park - 500 Georgia Dr,S8PB
45404,Subsidized,Pheasant Run Senior Apartments - 2920 Old Troy Pike,LIHTC
45404,Subsidized,River Commons II - 144 E Helena St,LIHTC
45404,Subsidized,PHEASANT RUN SENIOR APARTMENTS - Pheasant Run Senior Apartments,HOME
45404,Subsidized,- 1700 Mack Ave,HOME
45404,Subsidized,- 2340 Forest Home Ave,HOME
45404,Subsidized,- 2929 Old Troy Pike,HOME
45404,Subsidized,- 612 Beatrice Dr,HOME
45404,Subsidized,- 641 Prince Albert Blvd,HOME
45405,Subsidized,BRIAR PLACE - 4236 Briar Pl,S8PB
45405,Subsidized,Asbury Apartments - 215 McDaniel St,S8PB
45405,Subsidized,RYBURN COURT APARTMENTS - 302 Ryburn Ave,LIHTC
45405,Subsidized,BASSWOOD - 215 Basswood Ave,LIHTC
45405,Subsidized,GRAND AVENUE ( ELDERLY ) - 465 W Grand Ave,PUBLIC
45405,Subsidized,- 257 Niagara Ave,HOME
45406,Subsidized,CAMBRIDGE HOUSE Apartments - 149 Cambridge Ave,FHA
45406,Subsidized,Salemview Apartments - 72 Central Ave,S8PB
45406,Subsidized,CORNELL TOWNHOUSES - 3750 Cornell Dr,S8PB
45406,Subsidized,Outreach II aka Arbor House - 2205 Wesleyan Rd,S8PB
45406,Subsidized,CATALPA MANOR - 2030 Catalpa Dr,LIHTC
45406,Subsidized,REGENCY APARTMENTS - 39 Central Ave,LIHTC
45406,Subsidized,WINDSOR APARTMENTS - 104 Central Ave,LIHTC
45406,Subsidized,CAMBRIDGE 1820 - 18 Cambridge Ave,LIHTC
45406,Subsidized,RUGBY - 2340 Rugby Rd,LIHTC
45406,Subsidized,CR PROPERTIES - 814 Cornell Dr,LIHTC
45406,Subsidized,BURNDALE GARDENS - 4106 Kings Hwy,LIHTC
45406,Subsidized,CHADWICK STATION - 2039 Emerson Ave,LIHTC
45406,Subsidized,CAMBRIDGE ARMS APARTMENTS - 3 Cambridge Ave,LIHTC
45406,Subsidized,COUNTRY WOODS APARTMENTS - 3771 Cornell Dr,LIHTC
45406,Subsidized,Grand Place Apartments - 729 W Grand Ave,LIHTC
45406,Subsidized,WENTWORTH - 2765 Wentworth Ave,PUBLIC
45406,Subsidized,SCATTERED SITES ( H.O. ) - 2005 Val Vista Ct,PUBLIC
45406,Subsidized,STRATFORD PLACE APARTMENTS - Stratford Place Apartments,HOME
45406,Subsidized,The Rising at Phoenix - 2020 Ravenwood Ave,LIHTC
45406,Subsidized,- 2024 Ravenwood Ave,HOME
45406,Subsidized,- 2419 Falmouth Ave,HOME
45406,Subsidized,- 2420 Grant Ave,HOME
45406,Subsidized,- 3654 Pittsburg Ave,HOME
45409,Subsidized,Washington Square Homes II - 2475 S Dixie Dr,LIHTC
45409,Subsidized,- W Cliff,HOME
45410,Subsidized,Jaycee Towers - 440 Dayton Towers Dr,S8PB
45410,Subsidized,REDEEMER MANOR - 670 Saint Paul Ave,S8PB
45410,Subsidized,Twin Towers Place - 250 Allen St,LIHTC
45410,Subsidized,PARK MANOR - 220 Park Manor Dr,PUBLIC
45410,Subsidized,East End Twin Towers Crossing - 208 Fillmore St,LIHTC
45410,Subsidized,- 1015 Wyoming St,HOME
45410,Subsidized,- 116 Fillmore St,HOME
45410,Subsidized,- 1707 Clarence St,HOME
45410,Subsidized,"TWIN TOWERS CROSSING, PHASE II - 828 Clover St",LIHTC
45414,Subsidized,Eagle Ridge - 5123 Norris Dr,S8PB
45414,Subsidized,TALLTREE - 5910 Erica Ct,LIHTC
45414,Subsidized,Northland Village Apartments - 2021 Palisades Dr,S8PB
45414,Subsidized,Northcrest Gardens Apartments - 5027 Northcrest Dr,LIHTC
45414,Subsidized,- 2735 Kearns Ave,HOME
45415,Subsidized,SIENA SPRINGS - 6215 N Main St,S8PB
45415,Subsidized,EASTWAY I / WESTBROOK APARTMENTS - 5451 Westbrook Rd,S8PB
45416,Subsidized,- 3557 Michigan Ave,HOME
45416,Subsidized,- 3723 Barbarosa Dr,HOME
45416,Subsidized,- 4895 Free Pike,HOME
45416,Subsidized,- 3631 Marlin Ave,HOME
45416,Subsidized,- 3710 Parkfield Pl,HOME
45416,Subsidized,- 3712 Runyon Ave,HOME
45416,Subsidized,- 3771 Nevada Ave,HOME
45416,Subsidized,- 4140 Annapolis Ave,HOME
45416,Subsidized,- 4141 Redonda Ln,HOME
45416,Subsidized,- 4155 Nevada Ave,HOME
45416,Subsidized,- 4301 Redonda Ln,HOME
45416,Subsidized,- 4313 Redonda Ln,HOME
45416,Subsidized,- 4326 Redonda Ln,HOME
45416,Subsidized,- 4432 Curundu Ave,HOME
45416,Subsidized,- 4552 Nevada Ave,HOME
45416,Subsidized,- 4587 Annapolis Ave,HOME
45416,Subsidized,- 4588 Marlin Ave,HOME
45417,Subsidized,"C.J. McLin Sr. , Apartments - 1316 McArthur Ave",S8PB
45417,Subsidized,Bella Vista Homes - 3804 Nicholas Rd,S8PB
45417,Subsidized,Martin Luther Community - 1453 Liscum Dr,S8PB
45417,Subsidized,LAKEVIEW COOP ESTATES B* - 735 Dearborn Ave,S8PB
45417,Subsidized,LAKEVIEW COOP ESTATES C* - 735 Dearborn Ave,S8PB
45417,Subsidized,LAKEVIEW COOP ESTATES A* - 735 Dearborn Ave,S8PB
45417,Subsidized,Bancroft Apartments ( Washington Arms ) - 1638 Bancroft St,S8PB
45417,Subsidized,WHITNEY YOUNG ESTATES - 4412 Germantown Pike,S8PB
45417,Subsidized,MANOR APARTMENTS - 1103 Danner Ave,S8PB
45417,Subsidized,Stratford Place - 4727 Dugger Rd,S8PB
45417,Subsidized,DAYTON CANAAN MANOR - 5253 Hoover Ave,S8PB
45417,Subsidized,Second Mental Retardation Hse - 3804 Frytown Rd,S8PB
45417,Subsidized,ALMOND VILLAGE APARTMENTS - 4701 Casaba Ct,S8PB
45417,Subsidized,SUMMIT SQUARE* - 616 Summit Square Dr,S8PB
45417,Subsidized,DANNER PARK APARTMENTS - 1621 Tampa Ave,LIHTC
45417,Subsidized,HOMESTART I - 1391 Azalea Dr,LIHTC
45417,Subsidized,ADELITE - 372 Adelite Ave,LIHTC
45417,Subsidized,LORENZ - 31 Lorenz Ave,LIHTC
45417,Subsidized,CARMIN - 6144 Carmin Ave,LIHTC
45417,Subsidized,HOMESTART II - 1300 Graystone Dr,LIHTC
45417,Subsidized,HOMESTART III - 4890 Gardendale Ave,LIHTC
45417,Subsidized,55 - 57 LORENZ AVENUE - 55 Lorenz Ave,LIHTC
45417,Subsidized,HOMESTART V - 1355 Azalea Dr,LIHTC
45417,Subsidized,WASHINGTON SQUARE - 1006 S Euclid Ave,LIHTC
45417,Subsidized,New Dayton Homes I - 76 Crown Ave,LIHTC
45417,Subsidized,Stoney Ridge Estates - 2968 S Gettysburg Ave,LIHTC
45417,Subsidized,ST. MARY DEVELOPMENT CORP - N - B - 97 - 842 - 1* - 5407 Hoover Ave,LIHTC
45417,Subsidized,SUMMIT SQUARE TOWNHOUSES - 614 Summit Square Dr,LIHTC
45417,Subsidized,DESOTO BASS COURTS - 816 Oldfield Pl,PUBLIC
45417,Subsidized,Lyons Place - 1300 Genesis Way,LIHTC
45417,Subsidized,Sunlight Homes - 731 Mia Ave,LIHTC
45417,Subsidized,Lofts at Hoover - 5332 Joshua Trl,LIHTC
45417,Subsidized,- 1044 S Euclid Ave,HOME
45417,Subsidized,- 1228 Trieschman Ave,HOME
45417,Subsidized,- 1337 Edison St,HOME
45417,Subsidized,- 218 S Kilmer St,HOME
45417,Subsidized,- 24 S Kilmer St,HOME
45417,Subsidized,- 274 Colgate Ave,HOME
45417,Subsidized,- 424 Winters St,HOME
45417,Subsidized,- 4602 Cummings Ct,HOME
45417,Subsidized,- 4603 Cummings Ct,HOME
45417,Subsidized,- 48 Hanover Ave,HOME
45417,Subsidized,- 5300 Joshua Trl,HOME
45417,Subsidized,GERMANTOWN VILLAGE - 1209 Germantown St,LIHTC
45419,Subsidized,SUNLIGHT HOMES - Sunlight Homes,HOME
45419,Subsidized,Acorn Walk - Acorn Dr,S8PB
45420,Subsidized,Birchwood Place - 2670 Galewood St,S8PB
45420,Subsidized,OAKDALE APARTMENTS* - 1941 Oakdale Ave,S8PB
45420,Subsidized,Kettering Park Manor - 2570 Woodman Dr,S8PB
45420,Subsidized,MOUNT CREST - 958 Wilmington Ave,PUBLIC
45420,Subsidized,- 2780 E Dorothy Ln,HOME
45424,Subsidized,WOODSVIEW PLACE - 5764 Fisher Dr,S8PB
45424,Subsidized,Village Park Apartments - 6747 Brandt Pike,S8PB
45424,Subsidized,TIMBER RIDGE APARTMENTS - 2190 Harshman Rd,LIHTC
45424,Subsidized,Riverside Commons - 2581 Tidewater Dr,LIHTC
45424,Subsidized,Riverside Commons II - 2599 Harshman Rd,LIHTC
45424,Subsidized,CULLEN HOMES II - 5541 Bengie Ct,HOME
45424,Subsidized,- 5019 Tilbury Rd,HOME
45424,Subsidized,- 5411 Fisher Dr,HOME
45424,Subsidized,- 5436 Naples Dr,HOME
45424,Subsidized,- 5501 Fisher Dr,HOME
45424,Subsidized,- 5609 Troy Villa Blvd,HOME
45424,Subsidized,- 6307 Hemingway Rd,HOME
45424,Subsidized,Misty Lane II - 5473 Misty Ln,PUBLIC
45426,Subsidized,COVENANT MANOR - 4951 Covenant House Dr,S8PB
45426,Subsidized,ALBRIGHT APARTMENTS - 4900 Biddison Ave,S8PB
45426,Subsidized,PINEWOOD GARDENS* - 40 Pinewood Cir,S8PB
45426,Subsidized,NBGC TROTWOOD - MT GABRIEL - 3300 Shiloh Springs Rd,S8PB
45426,Subsidized,Wingate at Belle Meadows - 5 Belle Meadows Dr,LIHTC
45426,Subsidized,Trotwood Homes - Drexel & Crown Point Neighborhoods,LIHTC
45426,Subsidized,Shilo Vilas II - 1500 Macintosh Cir,LIHTC
45426,Subsidized,Shilo Apartments Phase III - 2000 Macintosh Cir,LIHTC
45426,Subsidized,Dayton Homes II - 2580 Shiloh Springs Rd,LIHTC
45426,Subsidized,Fieldstone Apartments - 200 Fieldstone Dr,LIHTC
45426,Subsidized,- 12 Caisson St,HOME
45426,Subsidized,- 38 Patrick St,HOME
45428,Subsidized,LYONS PLACE II* - 4100 W 3rd St,S8PB
45428,Subsidized,Lyons Place* - 4100 W 3rd St,S8PB
45429,Subsidized,Eastway Marshall House* - 3417 N Marshall Rd,S8PB
45429,Subsidized,THE TERRACES* - 150 W Dorothy Ln,S8PB
45429,Subsidized,MONTGOMERY CO. - CNSRT* - 3435 Marshall Rd,LIHTC
45429,Subsidized,KETTERING ELDERLY NEW CONSTRUCTION - Woodman Dr,HOME
45430,Subsidized,Beavercreek Elderly - 30 Woodcroft Trl,S8PB
45430,Subsidized,AHEPA 113 APARTMENTS - 2300 County Line Rd,S8PB
45431,Subsidized,MAD RIVER MANOR - 5580 Burkhardt Rd,S8PB
45431,Subsidized,- Harshman Rd,HOME
45432,Subsidized,EASTWAY QUINBY LANE APARTMENTS - 29 Quinby Ln,S8PB
45432,Subsidized,- 4421 Sheller Ave,HOME
45439,Subsidized,VALLEYVIEW VILLAGE* - 3680 Pinnacle Rd,S8PB
45439,Subsidized,COBBLEGATE SQUARE APARTMENTS - 2686 Cobble Cir,LIHTC
45439,Subsidized,MONTGOMERY CNTY - B - B - 95 - 251 - 1 - 4000 Miller Valentine Ct,HOME
45439,Subsidized,Creekside Villas - 5274 Cobblegate Blvd,LIHTC
45439,Subsidized,- Kettering,HOME
45440,Subsidized,Trails of Oak Creek* - 1785 Renee Dr,S8PB
45440,Subsidized,TERRACE HILL GARDENS Apartments* - 3321 E Stroop Rd,FHA
45440,Subsidized,- 4579 Wilmington Pike,HOME
45449,Subsidized,CANTERBURY COURT - 450 N Elm St,S8PB
45449,Subsidized,MOUNTAINGATE APARTMENTS* - 2940 Loffer Ct,S8PB
45449,Subsidized,SPRING HILL TOWNHOMES* - 2851 Spring Falls Dr,FHA
45449,Subsidized,Cambridge Commons - 841 Gawain Cir,LIHTC
45449,Subsidized,- 110 E Pease Ave,HOME
45449,Subsidized,- 201 W Main St,HOME
45449,Subsidized,- 228 W Pease Ave,HOME
45449,Subsidized,- 29 E Main St,HOME
45458,Subsidized,CHEVY CHASE PARK* - 41 Loganwood Dr,S8PB
45458,Subsidized,PARKVIEW PLACE - 1441 Parkbrook Dr,S8PB
45458,Subsidized,ST LEONARD CENTER - 8400 Saint Francis Dr,LIHTC
45458,Subsidized,RENOVATION OF ANCHORAGE HOUSE - 238 S Main St,HOME
45458,Subsidized,- 8100 Clyo Rd,HOME
45458,Subsidized,Westerfield Drive (Centervillle) - 14 Westerfield Dr,PUBLIC
45502,Subsidized,Northpointe - 3691 Middle Urbana Rd,LIHTC
45502,Subsidized,City Forest of Springfield - 1 S Limestone St,LIHTC
45502,Subsidized,Shawnee Place - 102 E Main St,LIHTC
45502,Subsidized,NORTHPOINTE HOUSING PROJECT - 3705 Middle Urbana Rd,HOME
45502,Subsidized,SPRINGFIELD REDEVELOPMENT HOUSING PROJECT - S Fountain Ave,LIHTC
45503,Subsidized,North Hill Towers II - 337 Chestnut Ave,S8PB
45503,Subsidized,"Villa Park , Ltd.* - 1350 Vester Ave",S8PB
45503,Subsidized,Roosevelt Park - 366 Roosevelt Dr,S8PB
45503,Subsidized,Collins Rd Props dba Jeffrey Place* - 4725 Security Dr,S8PB
45503,Subsidized,Ronez Manor Apartments* - 1948 Wilkes Dr,S8PB
45503,Subsidized,ASHTON MEADOWS - 3950 Cabot Dr,LIHTC
45503,Subsidized,NORTH HILL APARTMENTS - 313 E College Ave,LIHTC
45503,Subsidized,FELLOWS TERRACE LP - 700 E McCreight Ave,HOME
45503,Subsidized,HENRY - SHERMAN HOMES - 4726 Security Dr,PUBLIC
45503,Subsidized,Springfield Homes* - 346 Mount Vernon Ave,LIHTC
45503,Subsidized,Fellows Terrace at I.o.o.f. - 400 E McCreight Ave,LIHTC
45503,Subsidized,- 2214 Tavenner Ave,HOME
45504,Subsidized,RESOURCE CENTER APARTMENTS - 601 N Fountain Ave,S8PB
45505,Subsidized,Crossgates Apartments - 600 Crossgate Ct,S8PB
45505,Subsidized,"SUNSET HILLS ASSC. JNT. VENTURE , GP - 926 Sunset Ave",S8PB
45505,Subsidized,SPRINGFIELD TOWERS - 363 E High St,S8PB
45505,Subsidized,"Brentwood Square I , II AND III* - 175 Brent Dr E",S8PB
45505,Subsidized,PROJECT WOMAN - SECOND STAGE HOUSING - 1313 E High St,LIHTC
45505,Subsidized,Limestone Building - 501 S Limestone St,LIHTC
45505,Subsidized,Ice House Building - 108 E Mulberry St,LIHTC
45505,Subsidized,COLE - WOODFORD - 315 S Burnett Rd,PUBLIC
45505,Subsidized,HUGH TAYLOR HOMES - 1707 E High St,PUBLIC
45505,Subsidized,"NORTH HILL APARTMENTS , INC - N - B - 97 - 690 - 1 - 437 E John St",HOME
45505,Subsidized,Lincoln Park Phase 1A - 322 Lincoln Park Cir,PUBLIC
45505,Subsidized,Lincoln Park Phase 1B - 250 E John St,PUBLIC
45505,Subsidized,Lincoln Park Phase 2 - 1851 Lincoln Park S,PUBLIC
45505,Subsidized,Lincoln Park II - 1862 Lincoln Park S,LIHTC
45505,Subsidized,Springfield Village Apartments - 329 E John St,LIHTC
45505,Subsidized,Lincoln Park Phase 1 - b* - 253 Lincoln Park Cir,LIHTC
45505,Subsidized,- 1862 S Belmont Ave,HOME
45505,Subsidized,- 1886 Clifton Ave,HOME
45505,Subsidized,- 711 Drexel Ave,HOME
45505,Subsidized,- Sweetbriar Ln,HOME
45506,Subsidized,SPRINGFIELD OIC SENIOR HOUSING INC - 1275 S Plum St,S8PB
45506,Subsidized,Tubman Towers - 17 W Johnson St,S8PB
45506,Subsidized,GRAYHILL HOMES - 220 Montgomery Ave,PUBLIC
45506,Subsidized,- 1365 Seminole Ave,HOME
45506,Subsidized,City Forest of Clark County - 1028 S Center St,LIHTC
45506,Subsidized,- 120 W Mulberry St,HOME
45506,Subsidized,- 1401 W Johnny Lytle Ave,HOME
45506,Subsidized,- 1452 S Wittenberg Ave,HOME
45506,Subsidized,Scattered Sites - 305 Corlington Dr,PUBLIC
45640,Subsidized,JACKSON FAMILY APT - 43 Powell Dr,RHS
45640,Subsidized,- 104 Elm St,HOME
45640,Subsidized,- 105 Elm St,HOME
45640,Subsidized,- 109 Elm St,HOME
45640,Subsidized,- 111 Elm St,HOME
45640,Subsidized,- 123 Elm St,HOME
45661,Subsidized,- Beaver Creeke Crossing,HOME
45680,Subsidized,- Private Dr 268,HOME
45710,Subsidized,ALBANY ARMS APT - 5810 Meadowbrook Rd,RHS
45786,Subsidized,- 355 McDonald Rd,HOME
45801,Subsidized,DOMINION BUILDING APARTMENTS* - 108 E High St,S8PB
45801,Subsidized,GREENWAY APARTMENTS - 710 N Main St,S8PB
45801,Subsidized,PINE HOUSE* - 1295 Pebble Creek Dr,S8PB
45801,Subsidized,CEDAR HOUSE* - 1295 Pebble Creek Dr,S8PB
45801,Subsidized,NWC Corporation - 1404 N West St,S8PB
45801,Subsidized,"NWC Corporation HUD 2 , Inc. - 625 W Spring St",S8PB
45801,Subsidized,LIMA CLUB WEST APARTMENTS - 1855A N Cole St,S8PB
45801,Subsidized,ROBIN ROGERS APARTMENTS - 990 W Robb Ave,S8PB
45801,Subsidized,ARGONNE RETIREMENT INN - 201 N Elizabeth St,LIHTC
45801,Subsidized,PIERCE STREET - 321 S Pierce St,LIHTC
45801,Subsidized,WAYNE - 614 W Wayne St,LIHTC
45801,Subsidized,WAYNE STREET PROJECT - 608 W Wayne St,LIHTC
45801,Subsidized,BARR SENIOR APARTMENTS - 204 N Union St,LIHTC
45801,Subsidized,WILLOW LAKE APARTMENTS HOMES - 2260 Lake Circle Dr,LIHTC
45801,Subsidized,Scattered Site : Acquisition - 936 W Robb Ave,PUBLIC
45801,Subsidized,NEW NORTHWOOD APARTMENTS* - 531 Brower Rd,S8PB
45801,Subsidized,NEW MAPLEWOOD APARTMENTS* - 531 Brower Rd,S8PB
45801,Subsidized,Brower Commons* - 2240 Molly Ave,FHA
45804,Subsidized,Lima Towers - 790 S Main St,S8PB
45804,Subsidized,"LTH , LTD.* - 760 E 4th St",S8PB
45804,Subsidized,Luther Pines - 805 S Mumaugh Rd,S8PB
45804,Subsidized,Waterford Townhomes - 501 Hope St,LIHTC
45804,Subsidized,New Lima Homes - 1460 Cedar St,LIHTC
45805,Subsidized,DALTON HOUSE I AND II - 1504 W Elm St,S8PB
45805,Subsidized,"NEW WILSHIRE PLACE , LTD.* - 1500 Deerfield Dr",S8PB
45805,Subsidized,MARKET PLACE - 232 N Cole St,S8PB
45805,Subsidized,INC - 1003 W Spring St,HOME
45806,Subsidized,"SPRUCEWOOD COMMONS , LTD.* - 305 S Waverly St",S8PB
45806,Subsidized,WESTWOOD VILLAGE - 118 Walter St,LIHTC
45810,Subsidized,ADA HOMES - 126 W North Ave,LIHTC
45810,Subsidized,Yorktown Village II* - 401 W Lima Ave,RHS
45812,Subsidized,FOUNTAINHEAD APARTMENTS - 205 W Shadley St,RHS
45812,Subsidized,WINDY KNOLL APARTMENTS - 210 E Wagner St,RHS
45813,Subsidized,PARK AVE VILLAS I - 100 Park Ave,LIHTC
45813,Subsidized,NORTH GARDEN PLACE - 511 N Main St,RHS
45814,Subsidized,GOOD SAMARITAN MANOR - 200 Powell Dr,S8PB
45817,Subsidized,VANCE STREET HOUSING - 137 Vance St,S8PB
45822,Subsidized,CELINA GARDENS* - 710 Devonshire Dr,S8PB
45822,Subsidized,"NEW WILLIAMSBURG SQUARE , LTD* - 1400 W Market St",S8PB
45822,Subsidized,VILLA ALLEGRA - 808 Pro Dr,LIHTC
45822,Subsidized,EASTOWN VILLAGE APARTMENTS* - 812 Pro Dr,RHS
45822,Subsidized,YORKSHIRE PLACE APARTMENTS - 1100 Myers Rd,RHS
45822,Subsidized,Mackinaw Retirement Village - 500 W Wayne St,LIHTC
45822,Subsidized,MEADOWS AT GRAND LAKE Apartments - 1400 Meadowview Dr,LIHTC
45828,Subsidized,GREENLAND ESTATES - 911 N 7th St,RHS
45830,Subsidized,Old Farm Village Apartments - 631 W Sycamore St,S8PB
45831,Subsidized,CONTINENTAL GARDENS LTD PART.* - 201 S 3rd St,RHS
45832,Subsidized,FRONTIER RUN - 130 Mentzer Rd,RHS
45833,Subsidized,COUNTRY MEADOWS - 900 Lima Ave,RHS
45833,Subsidized,Deer Creek Apartments - 1060 Lima Ave,LIHTC
45833,Subsidized,Delphos Senior Apartments - 261 Elida Rd,LIHTC
45836,Subsidized,MALLORY MEADOWS* - 409 E Patterson St,RHS
45840,Subsidized,FINDLAY SENIOR TOWERS* - 806 Bright Rd,S8PB
45840,Subsidized,NATIONAL CHURCH RESIDENCES OF FINDLAY - 2000 N Blanchard St,S8PB
45840,Subsidized,KIWANIS VILLAGE - 1200 Croy Dr,S8PB
45840,Subsidized,KRYSTAL RIDGE - 1939 Breckenridge Rd,S8PB
45840,Subsidized,MELROSE APARTMENTS* - 2201 Jennifer Ln,S8PB
45840,Subsidized,FINDLAY GREEN - 742 Longmeadow Ln,S8PB
45840,Subsidized,FINDLAY COMMONS - 1901 Kirkwood Ct,S8PB
45840,Subsidized,FINDLAY GREEN II - 730 Fox Run Rd,LIHTC
45840,Subsidized,GLENWOOD VILLAGE APARTMENTS - 460 Sterling Hill Dr,LIHTC
45840,Subsidized,Crystal Glen Apartments ( melrose ) - 1231 Crystal Glen Blvd,LIHTC
45840,Subsidized,HHWP CAC - N - B - 99 - 568 - 2 - 1935 Breckenridge Rd,HOME
45840,Subsidized,Breckenridge Apartments - 2010 Crystal Ave,LIHTC
45843,Subsidized,SHARON APARTMENTS - 203 N Campbell St,LIHTC
45843,Subsidized,SHARON APARTMENTS - 201 N Campbell St,RHS
45856,Subsidized,PUTNAM VILLAGE II - 25 Vine St,RHS
45872,Subsidized,COUNTRY SQUIRE APARTMENTS - 655 S Poe Rd,S8PB
45872,Subsidized,WESTHAVEN - 220 Sprigg St,S8PB
45872,Subsidized,WOOD VILLAGE Apartments - 603 S Poe Rd,RHS
45875,Subsidized,Blanchard Park Apartments - 1221 N Defiance St,S8PB
45875,Subsidized,TAWA MANOR APARTMENTS* - 205 Selhorst Dr,RHS
45875,Subsidized,Wellington Place* - 1350 N Locust St,LIHTC
45877,Subsidized,- 206 N High St,HOME
45879,Subsidized,Partridge Place - 400 Partridge Place Dr,LIHTC
45879,Subsidized,Patrick Place - 12258 Dennis St,LIHTC
45879,Subsidized,PATRICK PLACE Apartments - 12560 Dennis St,RHS
45881,Subsidized,Forest Edge - 161 Powell Ln,LIHTC
45882,Subsidized,ROCKFORD VILLA - Holly Ln,LIHTC
45885,Subsidized,Fort Barbee Riverview - 100 W Spring St,LIHTC
45885,Subsidized,BEECH TREE HILL APT* - 416 Beech St,RHS
45887,Subsidized,MELFORD VILLAGE* - 600 S College St,S8PB
45891,Subsidized,Homestead Village - 1254 S Shannon St,S8PB
45891,Subsidized,Apple Glen Townhomes - 1116 Kear Rd,LIHTC
45891,Subsidized,Quail Run Apartments - 645 N Franklin St,LIHTC
45891,Subsidized,WESTWOOD SENIOR Apartments - 1051 Westwood Dr,LIHTC
45895,Subsidized,"VALLEY VIEW APARTMENTS , LTD.* - 1105 Middle St",S8PB
45895,Subsidized,Wapakoneta Village - 218 Eastown Dr,S8PB
45895,Subsidized,QUAKER RUN - 217 N Wentz St,S8PB
45895,Subsidized,Normandy Ridge Apartments - 402 Ashland Ave,FHA
45895,Subsidized,DEFIANCE COMMONS - 4 Defiance Commons Dr,RHS
45895,Subsidized,BLUME ALUMNI APARTMENTS - 400 N Blackhoof St,LIHTC
45331,Subsidized,WYCLIFF COURT APARTMENTS - 100 Russ Rd,LIHTC
43515,Subsidized,DELTA VILLAS 3 - 1100 E Oakview Dr,LIHTC
43502,Subsidized,WOODVIEW* - 2100 Lutz Rd,LIHTC
43502,Subsidized,LUTZ ROAD VILLAS III - 3100 Lutz Rd,LIHTC
45858,Subsidized,CRYSTAL GALE APARTMENTS* - 613 Scott St,RHS
45840,Subsidized,Legacy Village of Saint Catherine's Living Center - 8455 Hancock County Road,LIHTC
45812,Subsidized,WINDY KNOLL APARTMENTS - 210 Wagner St,LIHTC
43615,Subsidized,Woodside Village - 118 Brookview Dr,S8PB
43616,Subsidized,LUTHER HILLS APARTMENTS - 220 Crestway Dr,LIHTC
45377,Subsidized,Vandalia Village Apartments - 860 N Dixie Dr,S8PB
45415,Subsidized,Mercy Siena Village - 235 W Orchard Springs Dr,LIHTC
45424,Subsidized,RIVERSIDE COMMONS - 2599 HARSHMAN ROAD - 2599 Harshman Rd,HOME
47941,Subsidized,SCOPE - N - B - 96 - 599 - 1 - 519 South St,HOME
45417,Subsidized,Jefferson Homes - 200 Maeder AVE,LIHTC
45417,Subsidized,Ridgewood Heights - 225 Bluecrest AVE,LIHTC
43468,Subsidized,Mercy Outreach Ministries II - 5810 N Main St,S8PB
45813,Subsidized,PARK AVENUE VILLAS II - 500 Park Ave,LIHTC
45813,Subsidized,PARK AVENUE VILLAS III - 1000 N Park St,LIHTC
45879,Subsidized,"VAN WERT COUNTY CAC , INC. - N - B - 99 - 796 - 1 - 1400 Partridge Dr",HOME
43316,Subsidized,Laurel Greene - 2611 Country RD 96,LIHTC
44883,Subsidized,SENECA COUNTY VOA - 408 Autumn Dr,S8PB
43570,Subsidized,WEST UNITY VILLAS - 101 E Church St,LIHTC
43351,Subsidized,WYANDOT CO. COUN ON AGING - N - B - 00 - 429 - 1 - 200 Rock Run Dr,HOME
45417,Subsidized,Whitmore Arms (NOT IN PD) -247 Almond,S8PB